uni	hos	dptm	name	img_name	position	clinic	edu	career	study	etc
경상국립대학교	창원경상국립대학교병원	소화기내과	차라리	창원경상국립대학교병원 소화기내과 차라리.jpg	조교수	식도/위/대장질환, 치료적내시경	"[학력] 경상대학교 의대 졸업
[학력] 경상대학교 의학석사
[학력] 경상대학교 의학박사 과정중"	"[경력] 경상대학교병원 인턴, 레지던트
[경력] 경상대학교병원 소화기내과 임상강사
[경력] 삼성서울병원 소화기내과 임상강사
[경력] 창원경상대학교병원 소화기내과 진료교수

현) 창원경상국립대학교병원 소화기내과 조교수"	"대한내과학회 정회원
대한소화기 내시경학회 평생회원
대한소화기학회/정회원"	
경상국립대학교	창원경상국립대학교병원	소화기내과	김희진	창원경상국립대학교병원 소화기내과 김희진.jpg	조교수	식도/위/대장질환, 치료적 내시경	"[학력] 경상대학교 의대 졸업
[학력] 경상대학교 의학 석사
[학력] 경상대학교 의학 박사"	"[경력] 경상대병원 소화기내과 전공의
[경력] 경상대학교병원 소화기내과 임상강사
[경력] 분당서울대학교병원 소화기내과 임상강사
[경력] 명지병원 소화기내과 임상조교수
[경력] 창원경상국립대학교병원 소화기내과 임상교수

현) 창원경상국립대학교병원 소화기내과 기금조교수"	"대한내과학회
대한소화기학회
대한소화기내시경학회
대한상부위장관 헬리코박터학회"	
경상국립대학교	창원경상국립대학교병원	소화기내과	전한규	창원경상국립대학교병원 소화기내과 전한규.jpg	임상조교수	췌장, 담낭, 담관, 소화기계 질환 및 내시경	[학력] 경상대학교 의학 석사	"[경력] 경상대병원 인턴
[경력] 경상대학교병원 내과 전공의
[경력] 창원경상국립대학교병원 소화기내과 임상강사
[경력] 창원경상국립대학교병원 소화기내과 진료전담교수

현) 창원경상국립대학교병원 소화기내과 임상조교수"	"대한내과학회
대한소화기학회
대한소화기내시경학회
대한췌장담도학회
대한간학회"	
경상국립대학교	창원경상국립대학교병원	소화기내과	곽지윤	창원경상국립대학교병원 소화기내과 곽지윤.jpg	임상조교수	간, 간염, 간암, 소화기계 질환 및 내시경	[학력] 경상대학교 의학전문대학원 석사	"[경력] 경상대학교병원 전공의
[경력] 경상대학교병원 임상강사
[경력] 창원경상국립대학교병원 소화기내과 진료전담교수

현) 창원경상국립대학교병원 소화기내과 임상조교수"	"대한내과학회
대한소화기학회
대한소화기내시경학회"	
경상국립대학교	창원경상국립대학교병원	소화기내과	김현규	창원경상국립대학교병원 소화기내과 김현규.jpg	임상강사	소화기계 질환 및 내시경	[학력] 경상대학교 의학전문대학원 석사	"[경력] 경상대학교병원 전공의

현) 창원경상국립대학교병원 소화기내과 임상강사"	대한내과학회	
경상국립대학교	창원경상국립대학교병원	소화기내과	한지희	창원경상국립대학교병원 소화기내과 한지희.jpg	임상강사	상, 하부 위장관 질환	[학력] 영남대학교 의학대학원 석사	"[경력] 경상국립대학교병원 전공의
[경력] 경상국립대학교병원 임상강사

현) 창원경상국립대학교병원 임상강사"	"대한내과학회
대한소화기내시경학회"	
경상국립대학교	창원경상국립대학교병원	소화기내과	박상돈	창원경상국립대학교병원 소화기내과 박상돈.jpg	임상강사	소화기계 질환 및 내시경	[학력] 경상국립대학교 의학전문대학원 졸업	"[경력] 경북대학교병원 전공의
[경력] 경북대학교병원 임상강사/투석전문의

현) 창원경상국립대학교병원 임상강사"	"대한내과학회
대한소화기내시경학회 준회원
대한신장학회
대한이식학회 준회원
대한당뇨학회"	
경상국립대학교	창원경상국립대학교병원	소화기내과	권현재	창원경상국립대학교병원 소화기내과 권현재.jpg	임상강사	소화기계 질환 및 내시경	[학력] 대구가톨릭대학교 의학과	"[경력] 대구가톨릭대학교병원 인턴
[경력] 대구가톨릭대학교병원 레지던트

현) 창원경상국립대학교병원 소화기내과 임상강사"	대한내과학회	
경상국립대학교	창원경상국립대학교병원	순환기내과	곽충환	창원경상국립대학교병원 순환기내과 곽충환.jpg	교수	부정맥, 고혈압	"[학력] 경북대학교 의대 졸업
[학력] 경북대학교 의학박사"	"[경력] 경북대학교병원 전공의
[경력] 군의관 복무
[경력] 동의의료원 내과 과장
[경력] 메리놀 병원 내과
[경력] 미국 뉴욕 Montefiore Medical Center 부정맥 연수
[경력] 경상대학교병원 순환기내과 부교수

현) 창원경상국립대학교병원 순환기내과 교수"	"대한내과학회
대한순환기학회
부정맥학회"	
경상국립대학교	창원경상국립대학교병원	순환기내과	박용휘	창원경상국립대학교병원 순환기내과 박용휘.jpg	교수	허혈성 심질환(협심증 및 심근경색증), 관상동맥 중재시술, 협심증, 고혈압, 고지혈증	"[학력] 경북대학교 의대 졸업
[학력] 경북대학교 의학박사"	"[경력] 경북대학교병원 전공의 수료(2002년)
[경력] 경북대학교병원 임상강사 (2005년)
[경력] 경북대학교병원 임상교수 (2006년)
[경력] 성균관의대 마산삼성병원 순환기내과 조교수
[경력] 경남 권역심혈관센터 센터장
[경력] Post-doc at University of Florida, Cardiovascular research center

현) 창원경상국립대학교병원 순환기내과 기금교수"	"대한내과학회 정회원
대한심장학회 정회원
대한심장학회 중재시술연구회 정회원
한국심초음파학회 정회원"	
경상국립대학교	창원경상국립대학교병원	순환기내과	안종화	창원경상국립대학교병원 순환기내과 안종화.jpg	부교수	허혈성 심질환(협심증 및 심근경색증), 관상동맥 중재시술, 고혈압, 고지혈증	"[학력] 경상대학교 의대 졸업
[학력] 경상대학교 의학박사"	"[경력] 경상대병원 내과 전공의
[경력] 경상대병원 순환기내과 임상강사
[경력] 삼성서울의료원 순환기내과 임상강사
[경력] 창원경상국립대학교병원 순환기내과 조교수

현) 창원경상국립대학교병원 순환기내과 기금부교수
"	"대한심장학회
대한심혈관중재학회
한국심초음파학회
대한내과학회"	"[수상] 경상대학교 의과대학 의학과 수석 졸업(2008)
[수상] BRIC (생물학연구정보센터)에서 선정하는 ‘한국을 빛내는 사람들’에 2차례 선정
[수상] 대한심혈관중재학회 “Best Case” 수상(2014)
[수상] 대한심장학회 추계학회 ""젊은 연구자상” 2회 수상(2012, 2015)
[수상] 미국심장학회 (ACC) ""Best Poster Award"" 수상 (2016)"
경상국립대학교	창원경상국립대학교병원	순환기내과	장정윤	창원경상국립대학교병원 순환기내과 장정윤.jpg	조교수	심장 판막 질환, 심초음파, 심부전, 고혈압, 선천성심질환	"[학력] 경희대학교 의대 졸업
[학력] 경희대학교 의학박사"	"[경력] 경희의료원 내과 전공의
[경력] 서울아산병원 심장내과 임상강사
[경력] 서울아산병원 심장내과 임상전임강사


현) 창원경상국립대학교병원 순환기내과 조교수"	"대한심장학회
대한심초음파학회
대한내과학회"	"[수상] Angioplasty Summit –TCTAP Best abstract award(2012)
[수상] 대한 심초음파학회 우수 구연상(2012)"
경상국립대학교	창원경상국립대학교병원	순환기내과	배재석	창원경상국립대학교병원 순환기내과 배재석.jpg	임상교수	허혈성 심질환(협심증, 심근경색증), 심혈관 중재시술, 말초혈관질환 및 중재시술, 고혈압, 고지혈증	"[학력] 제주대학교 의대 졸업
[학력] 제주대학교 의학석사"	"[경력] 제주대학교병원 내과 전공의
[경력] 서울아산병원 순환기내과 임상강사
[경력] 창원경상대학교병원 순환기내과 진료교수

현) 창원경상국립대학교병원 순환기내과 임상교수"	"대한내과학회
대한심장학회
대한심혈관중재학회"	
경상국립대학교	창원경상국립대학교병원	순환기내과	조윤호	창원경상국립대학교병원 순환기내과 조윤호.jpg	진료전담조교수	심부전, 허혈성 심질환(협심증 및 심근경색증), 고혈압, 고지혈증	"[학력] 경상대학교 의과대학 졸업
[학력] 경상대학교 의학석사"	"[경력] 경상대학교병원 전공의 수료
[경력] 서울대학교병원 전임의
[경력] 분당서울대학교병원 전임의

현) 창원경상국립대학교병원 순환기내과 진료전담조교수"		
경상국립대학교	창원경상국립대학교병원	순환기내과	유가인	창원경상국립대학교병원 순환기내과 유가인.jpg	진료전담교수	부정맥, 급성심장사, 돌연사, 실신, 두근거림	"[학력] 고신대학교 의학과 졸업
[학력] 고신대학교 의학 석사"	"[경력] 고신대학교 복음병원 전공의
[경력] 고신대학교 복음병원 임상연구 조교수
[경력] 연세대학교 세브란스병원 임상연구 조교수

현) 창원경상국립대학교병원 순환기내과 진료전담교수"		
경상국립대학교	창원경상국립대학교병원	순환기내과	김용이	창원경상국립대학교병원 순환기내과 김용이.jpg	임상강사	일반 순환기	[학력] 경상국립대학교 의학전문대학원	"[경력] 창원경상국립대학교병원 전공의

현) 창원경상국립대학교병원 임상강사"	"대한내과학회
대한심장학회
한국심초음파학회
대한심혈관중재학회"	
경상국립대학교	창원경상국립대학교병원	순환기내과	민지현	창원경상국립대학교병원 순환기내과 민지현.jpg	촉탁의	순환기내과	[학력] 경상대학교 의학과 졸업	"[경력] 경상대학교병원 전공의

현) 창원경상국립대학교병원 순환기내과 촉탁의"		
경상국립대학교	창원경상국립대학교병원	호흡기·알레르기내과	김호철	창원경상국립대학교병원 호흡기·알레르기내과 김호철.jpg	교수	폐암, 폐결핵, 중환자의학, 간질성폐질환, 천식·만성폐쇄성폐질환, 일반 호흡기질환	"[학력] 경상대학교 의대 졸업
[학력] 경상대학교 의학박사"	"[경력] 경상대학교병원 인턴, 레지던트
[경력] 서울삼성병원 호흡기내과 임상강사
[경력] 성균관의대 마산삼성병원 내과 과장
[경력] 경상대학교병원 호흡기내과 조교수
[경력] 캐나다 몬트리올 맥길대학교 Royal Victoria Hospital Critical care division Research fellow
[경력] 경상대학교병원 호흡기내과 교수

현) 창원경상국립대학교병원 호흡기내과 교수"	"대한 내과 학회
대한 중환자 학회
대한 결핵 및 호흡기 학회"	
경상국립대학교	창원경상국립대학교병원	호흡기·알레르기내과	김태훈	창원경상국립대학교병원 호흡기·알레르기내과 김태훈.jpg	조교수	폐암(진단 및 항암치료), 만성폐쇄성폐질환, 특발성폐섬유증, 일반 호흡기질환	"[학력] 인제대학교 의과대학 졸업
[학력] 인제대학교 의학석사
[학력] 한국과학기술원(KAIST) 의과학대학원 이학 박사"	"[경력] 인제대학교 부산백병원 전공의 수료
[경력] 인제대학교 상계백병원 전공의 수료
[경력] 한국과학기술원(KAIST) 의과학대학원 생체방어연구실
[경력] 울산대학교 서울아산병원 호흡기내과 임상강사
[경력] 울산대학교 서울아산병원 호흡기내과 연구강사
[경력] 차의과학대학교 분당차병원 호흡기내과 조교수
[경력] 창원경상대학교병원 호흡기알레르기내과 조교수
[경력] 창원경상국립대학교병원 호흡기알레르기내과 부교수

현) 창원경상국립대학교병원 호흡기알레르게내과 기금조교수"	"대한폐암학회
IASLC (International Association for the Study of Lung Cancer)
대한내과학회
대한결핵 및 호흡기학회
대한중환자의학회
대한면역학회"	
경상국립대학교	창원경상국립대학교병원	호흡기·알레르기내과	허이레	창원경상국립대학교병원 호흡기·알레르기내과 허이레.jpg	임상교수	중환자의학, 천식·만성폐쇄성폐질환, 폐암, 일반 호흡기질환	[학력] 경상대학교 의학석사	"[경력] 경상대학교병원 내과전공의
[경력] 창원경상대학교병원 호흡기알레르기내과 임상강사
[경력] 삼성서울병원 중환자의학과 임상강사

현) 창원경상국립대학교병원 호흡기알레르기내과 임상교수"	"대한내과학회
대한결핵 및 호흡기학회
대한폐암학회
대한중환자의학회"	
경상국립대학교	창원경상국립대학교병원	신장내과	박동준	창원경상국립대학교병원 신장내과 박동준.jpg	교수	신장일반, 투석	"[학력] 경상대학교 의대 졸업
[학력] 경상대학교 의학박사"	"[경력] 경상대학교병원 전공의 수료
[경력] 서울대학교병원 임상강사
[경력] 경상대학교 의과대학 전임강사
[경력] 경상대학교 의과대학 조교수

현) 창원경상국립대학교병원 신장내과 교수"	"대한내과학회
대한신장학회
미국신장학회"	
경상국립대학교	창원경상국립대학교병원	신장내과	배은진	창원경상국립대학교병원 신장내과 배은진.jpg	조교수	신장일반, 투석	"[학력] 경상대학교 의대 졸업
[학력] 경상대학교 의학박사"	"[경력] 경상대학교병원 내과 전공의
[경력] 서울대학교병원 신장내과 임상강사

현) 창원경상국립대학교병원 신장내과 조교수"	"대한내과학회 정회원
대한신장학회 정회원
대한이식학회 정회원"	
경상국립대학교	창원경상국립대학교병원	신장내과	이태원	창원경상국립대학교병원 신장내과 이태원.jpg	임상부교수	신장일반, 투석	"[학력] 경상대학교 의대 졸업
[학력] 경상대학교 의학석사
[학력] 경상대학교 의학박사"	"[경력] 창원경상국립대학교병원 내과 전공의
[경력] 경상국립대학교병원 신장내과 임상강사
[경력] 창원경상국립대학교병원 신장내과 진료교수
[경력] 창원경상국립대학교병원 신장내과 임상조교수

현) 창원경상국립대학교병원 신장내과 임상부교수
현) 창원경상국립대학교병원 응급의료센터 센터장"	"대한내과학회 정회원
대한신장학회 정회원
미국신장학회 정회원"	
경상국립대학교	창원경상국립대학교병원	신장내과	류준하	창원경상국립대학교병원 신장내과 류준하.jpg	임상강사	신장내과		"[경력] 서남대학교 의학과 졸업

[경력] 메리놀병원 인턴
[경력] 건국대학교 충주병원 전공의

현) 창원경상국립대학교병원 임상강사"	대한내과학회	
경상국립대학교	창원경상국립대학교병원	신장내과	이설제	창원경상국립대학교병원 신장내과 이설제.jpg	임상강사	신장일반, 투석	[학력] 순천향대학교 의학과 졸업	"[경력] 좋은강안병원 인턴
[경력] 순천향대학교 부천병원 전공의

현) 창원경상국립대학교병원 임상강사"	"대한내과학회 정회원
대한신장학회 준회원"	
경상국립대학교	창원경상국립대학교병원	내분비내과	정재훈	창원경상국립대학교병원 내분비내과 정재훈.jpg	교수	갑상선 , 당뇨병, 콜레스테롤	"[학력] 경상대학교 의대 졸업
[학력] 경상대학교 의학박사"	"[경력] 경상대학교병원 내과 전공의 수료
[경력] 경상대학교병원 임상강사
[경력] 삼성서울병원 임상강사
[경력] 경상대학교병원 조교수
[경력] 경상대학교병원 부교수

현) 창원경상국립대학교병원 내분비내과 교수"	"대한갑상선학회 평생회원
대한내분비학회 평생회원"	
경상국립대학교	창원경상국립대학교병원	내분비내과	백종하	창원경상국립대학교병원 내분비내과 백종하.jpg	부교수 	당뇨병, 갑상선질환, 내분비질환	"[학력] 경상대학교 의과대학 졸업
[학력] 경상대학교 의학석사
[학력] 부산대학교 의학박사"	"[경력] 경상대학교병원 내과 전공의
[경력] 삼성서울병원 내분비내과 임상강사
[경력] 경상대학교병원 내분비내과 임상강사
[경력] 창원경상국립대학교병원 내분비내과 조교수 (2019-2022)

[경력] 대한당뇨병학회 진료지침위원회 위원 (2020-2021)
[경력] 부울경 내분비학회 학술위원회 위원 (2020-2021)
[경력] 영호남 내분비학회 학술위윈회 위원 (2020-2021)

현) 창원경상국립대학교병원 내분비내과 부교수 (2023-)

현) 대한당뇨병학회 국제협력위원회 위원 (2022-)
현) 대한당뇨병학회 교육위원회 위원 (2022-)
현) 대한당뇨병학회 정보위원회 위원 (2022-)
현) 대한비만학회 빅데이터위원회 위원 (2023-)
현) 부울경 내분비학회 부총무 (2022-)"	"대한당뇨병학회 평생회원
대한내분비학회 평생회원
대한갑산성학회 평생회원"	
경상국립대학교	창원경상국립대학교병원	내분비내과	김경영	창원경상국립대학교병원 내분비내과 김경영.jpg	조교수	당뇨병, 갑상선질환, 골다공증, 내분비질환	[학력] 경상대학교 의학석사	"[경력] 경상대학교병원 인턴, 레지던트
[경력] 서울대학교병원 임상강사

현) 창원경상국립대학교병원 내분비내과 조교수"	"대한내분비학회 평생회원
대한골대사학회 평생회원
대한갑상선학회 평생회원
대한내과학회 평생회원
대한당뇨병학회 정회원
대한노인병학회 정회원
한국지질,동맥경화학회 정회원"	
경상국립대학교	창원경상국립대학교병원	내분비내과	유수지	창원경상국립대학교병원 내분비내과 유수지.jpg	진료전담교수	당뇨병, 갑상선질환, 뇌하수체 및 부신질환	[학력] 경상대학교 의학전문대학원 석사	"[경력] 경상대학교병원 전공의
[경력] 창원경상대학교병원 내분비내과 임상강사
[경력] 창원경상국립대학교병원 내분비내과 진료교수

현) 창원경상국립대학교병원 내분비내과 진료전담교수"	"대한내분비학회 정회원
대한당뇨병학회 정회원
대한갑상선학회 정회원
대한비만학회 정회원
대한골대사학회 정회원"	
경상국립대학교	창원경상국립대학교병원	혈액종양내과	김훈구	창원경상국립대학교병원 혈액종양내과 김훈구.jpg	기금교수	페암, 식도암, 위암, 혈액종양, 빈혈, 혈액질환(림프종,골수질환,백혈구질환,혈소판질환)	"[학력] 경상대학교 의대 졸업
[학력] 경상대학교 의학박사"	"[경력] 경상대학교병원 내과 전공의 수료
[경력] 서울대학교병원 임상강사
[경력] 경상대학교병원 내과 혈액종양분과 부교수

현) 창원경상국립대학교병원 혈액종양내과 기금교수"	"미국임상암학회
대한암학회
대한내과학회
대한혈액학회
대한조혈모세포이식학회
대한임상암학회
대한항암요법연구회

"	
경상국립대학교	창원경상국립대학교병원	혈액종양내과	강명희	창원경상국립대학교병원 혈액종양내과 강명희.jpg	조교수	유방암, 부인과 종양, 대장암	"[학력] 경상대학교 의대 졸업
[학력] 경상대학교 의학석사"	"[경력] 경상대학교병원 내과 전공의
[경력] 국립암센터 혈액종양내과 임상강사
[경력] 경상대학교병원 임상교수

현) 창원경상국립대학교병원 혈액종양내과 조교수"	"대한 혈액학회 회원
대한 암학회 회원"	
경상국립대학교	창원경상국립대학교병원	혈액종양내과	고세일	창원경상국립대학교병원 혈액종양내과 고세일.jpg	기금교수	두경부종양, 방광암, 전립선암, 신장암, 빈혈, 혈액 질환(골수질환, 백혈구질환, 혈소판질환), 림프종, 다발성골수종, 담도암, 췌장암	"[학력] 경상대학교 의대 졸업
[학력] 경상대학교 의학석사"	"[경력] 경상대학교병원 내과 전공의
[경력] 서울대학교병원 혈액종양내과 임상강사

현) 창원경상국립대학교병원 혈액종양내과 기금교수"	"대한혈액학회 정회원
대한암학회 정회원
한국임상암학회 정회원
미국임상암학회(American Society of Clinical Oncology) 정회원"	
경상국립대학교	창원경상국립대학교병원	류마티스내과	김현옥	창원경상국립대학교병원 류마티스내과 김현옥.jpg	기금교수	류마티스 관절염, 강직성 척추염, 통풍, 전신성 홍반 루푸스, 혈관염, 베체트병, 골관절염, 쇼그렌 증후군, 전신성경화증, 염증성 근염, 섬유근육통, 레이노증후군, 성인형스틸병	"[학력] 경상대학교 의대 졸업
[학력] 경상대학교 의학박사"	"[경력] 경상대학교 인턴, 레지던트
[경력] 서울성모병원 류마티스 내과 임상강사
[경력] 경상대학교병원 임상교수
[경력] 경상대학교병원 부교수

현) 창원경상국립대학교병원 류마티스내과 기금교수"	"대한 류마티스 학회
통풍연구회 정회원
활막염 연구회 정회원
대한 내과학회"	
경상국립대학교	창원경상국립대학교병원	류마티스내과	서영선	창원경상국립대학교병원 류마티스내과 서영선.jpg	부교수 	류마티스 관절염, 통풍, 강직성 척추염, 전신성 홍반 루푸스, 혈관염, 베체트병, 골관절염, 쇼그렌 증후군, 전신성경화증, 염증성 근염, 섬유근육통, 레이노증후군, 성인형스틸병	"[학력] 경상대학교 의대 졸업
[학력] 경상대학교 의학박사"	"[경력] 경상대학교병원 내과 전공의
[경력] 서울 성모병원 류마티스 내과 임상강사
[경력] 경상대학교병원 류마티스 내과 임상강사
[경력] 창원경상국립대학교병원 류마티스내과 조교수

현) 창원경상국립대학교병원 류마티스내과 부교수"	"대한 류마티스 학회 정회원
대한 내과학회 정회원"	
경상국립대학교	창원경상국립대학교병원	류마티스내과	이한나	창원경상국립대학교병원 류마티스내과 이한나.jpg	임상조교수	류마티스 관절염, 강직성 척추염, 통풍, 전신성 홍반 루푸스, 혈관염, 베체트 병, 골관절염, 쇼그렌 증후군, 전신성경화증, 염증성 근염, 섬유근육통, 레이노증후군, 성인형스틸병	[학력] 경상대학교 의학전문대학원 의학석사	"[경력] 경상대학교병원 내과 전공의
[경력] 경상대학교병원 류마티스내과 전임의
[경력] 창원경상국립대학교병원 류마티스내과 전임의

현) 창원경상국립대학교병원 류마티스내과 임상조교수"	"대한 류마티스학회 정회원
대한 내과학회 정회원"	
경상국립대학교	창원경상국립대학교병원	감염내과	문경란	창원경상국립대학교병원 감염내과 문경란.jpg	촉탁의	감염질환		현) 창원경상국립대학교병원 촉탁의		
경상국립대학교	창원경상국립대학교병원	외과	정은정	창원경상국립대학교병원 외과 정은정.jpg	교수	유방암, 여성양성유방질환, 갑상선암, 부갑상선질환	"[학력] 경상대학교 의대 졸업
[학력] 경상대학교 의학박사"	"[경력] 경상대학교 인턴, 레지던트
[경력] 경상대학교 병원 외과 유방 갑상선 내분비 외과 임상강사
[경력] 일본 큐슈 대학 외과 연수
[경력] 미국 휴스턴 엠디앤더슨 암센터 연수(MD Anderson Cancer Center, 2009-2011)
[경력] 유방 분과전문의 취득
[경력] 경상대학교 병원 유방 및 갑상선 내분비 외과 교수

현) 창원경상국립대학교병원 외과 교수

현) 창원경상국립대학교병원 유방암 센터장"	"대한 외과 학회 평생 회원
한국 유방암 학회 평생 회원
대한 임상 종양학회 평생 회원
대한 갑상선 내분비 외과 학회 평생 회원"	"[수상]
1994. 경상대학교 의과대학 총장장 수상
1998. 대한외과학회 최우수 논문상 수상
2011. 대한 암 학회 로슈 암 학술상"
경상국립대학교	창원경상국립대학교병원	외과	정상호	창원경상국립대학교병원 외과 정상호.jpg	교수	위암(복강경 및 로봇 위암 수술), 위 및 십이지장 궤양에 의한 출혈 및 천공(복강경 수술), 장폐색, 위 양성 종양(기질성 종양, 신경내분비 종양), 위식도 역류수술	"[학력] 경상대학교 의대 졸업
[학력] 경상대학교 의학석사
[학력] 경상대학교 의학박사"	"[경력] 경상대학교병원 외과 전공의 수료
[경력] 서울대학교 외과 임상강사
[경력] 미국 테네시주 Vanderbilt 대학병원 연수
[경력] 경상대학교병원 외과 부교수
[경력] 대한외과학회 위장관외과 세부전문의
[경력] 대한종양외과학회 종양외과 인정의
[경력] 대한비만대사학회 비만대사외과 인증의

현) 경상국립대학교 및 창원경상국립대학교병원 외과학교실 교수"	"대한외과학회 평생회원
대한위암학회 평생회원
국제위암학회 정회원
대한 암학회 평생회원
대한 내시경복강경 학회 평생회원
미국 내시경복강경학회 평생회원 (SAGES)
대한 종양외과학회 평생회원
대한 외과대사영양학회 평생회원
대한 비만대사외과학회 정회원"	
경상국립대학교	창원경상국립대학교병원	외과	박태진	창원경상국립대학교병원 외과 박태진.jpg	조교수	소아외과(소아탈장, 소아복강경 수술, 선천성 소화기 기형, 소아 양성 및 악성종양, 림프관 기형 등), 이식혈관외과	"[학력] 경상대학교 의학과 졸업
[학력] 경상대학교 의학석사
[학력] 경상대학교 의학박사"	"[경력] 경상대학교병원 전공의
[경력] 서울대학교 어린이병원 소아외과 임상강사
[경력] 서울대학교병원 이식혈관외과 임상강사
[경력] 경상대학교병원 임상조교수
[경력] 창원경상국립대학교병원 임상조교수, 임상부교수
[경력] 경상국립대학교 기금조교수, 조교수
[경력] 소아외과 분과전문의

현) 창원경상국립대학교병원 외과 조교수"	"대한소아외과학회 정회원, 총무이사
태평양소아외과학회(The Pacific Association of Pediatric surgeons)정회원
대한혈관외과학회 정회원
대한이식학회 정회원
세계이식학회 (The Transplantation Society) 정회원
대한외과학회 정회원
대한내시경로봇외과학회 정회원
대한외과대사영양학회 정회원
대한의료정보학회 평생회원"	
경상국립대학교	창원경상국립대학교병원	외과	이진권	창원경상국립대학교병원 외과 이진권.jpg	조교수	대장암, 직장암, 복강경 수술, 양성대장질환, 항문질환, 탈장	"[학력] 부산대학교 의대 졸업
[학력] 가톨릭대학교 석박사 통합과정"	"[경력] 부산대학교병원 외과 전공의
[경력] 서울성모병원 대장항문외과 임상강사
[경력] 서울성모병원 대장항문외과 임상조교수
[경력] 대한외과학회 인증 대장항문세부 전문의
[경력] 대장항문학회 인증 대장내시경 전문의

현) 창원경상국립대학교병원 대장항문외과 조교수"	"대한 외과학회 평생회원
대한 대장항문학회 평생회원
대한 탈장학회 평생회원
대한 내시경복강경학회 평생회원
EAES (유럽 내시경복강경학회) 정회원
한국정맥경장영양학회 평생회원"	
경상국립대학교	창원경상국립대학교병원	외과	김태한	창원경상국립대학교병원 외과 김태한.jpg	부교수	위암수술, 비만대사수술, 소화기수술, 위장관외과, 종양외과, 미세침습수술, 원격로봇수술, 성인탈장	"[학력] 중앙대학교 의대 졸업
[학력] 중앙대학교 의학석사
[학력] 중앙대학교 의학박사"	"[경력] 중앙대학교병원 외과 전공의
[경력] 서울대학교병원 위장관외과 임상강사
[경력] 창원경상대학교병원 위장관외과 진료교수
[경력] 창원경상대학교병원 위장관외과 조교수
[경력] Body science & Metabolic disorders International Medical Center, CMUH, Taiwan

현) 창원경상국립대학교병원 위장관외과 부교수"	"2019-2021 대한위암학회 국제위원회 간사
2017-2019 대한위암학회 연구위원회 간사
대한비만대사외과학회 인증의
대한비만대사외과학회 기관인증 위원
대한종양외과학회 수련위원
대한내시경복강경외과학회 의료심사위원회 위원
대한외과학회 전공의술기위원회 위원
국제위암학회 회원
미국내시경복강경외과학회 회원
미국비만학회 회원
대한비만학회 회원
대한외과학회 회원
대한외과대사영양학회 회원
한국정맥경장영양학회 회원
대한복강경위장관연구회 회원
대한위암환자 삶의질 연구회 회원
대한위식도역류질환수술 연구회 회원"	
경상국립대학교	창원경상국립대학교병원	외과	장재율	창원경상국립대학교병원 외과 장재율.jpg	임상교수	간,담도, 췌장질환, 간이식	[학력] 서울대학교 의학과 졸업	"[경력] 서울대학교병원 전공의 수료
[경력] 분당서울대학교병원 임상강사
[경력] 경상대학교병원 임상교수

현) 창원경상국립대학교병원 외과 임상교수"		
경상국립대학교	창원경상국립대학교병원	외과	김재리	창원경상국립대학교병원 외과 김재리.jpg	임상교수	췌장, 담도, 십이지장, 양성질환, 췌장암, 담낭암, 담도암, 십이지장암, 비장질환 및 로봇수술	"[학력] 대구가톨릭의과대학교 의대 졸업
[학력] 서울대학교 의학석사
[학력] 서울대학교 의학박사"	"[경력] 서울대학교병원 전공의
[경력] 서울대학교병원 임상강사
[경력] 부산대학교병원 진료교수

현) 창원경상국립대학교병원 외과 임상교수"	"대한외과학회 정회원
한국간담췌외과학회 정회원
대한내시경복강경학회 회원
아시아-태평양간담췌학회(APHPBA) 회원
국제간담췌학회(IHPBA) 회원"	
경상국립대학교	창원경상국립대학교병원	소아청소년과	최엄지	창원경상국립대학교병원 소아청소년과 최엄지.jpg	임상조교수	천식, 아토피피부염, 알레르기비염, 식품알레르기 등의 알레르기 질환, 세기관지염, 기관지염, 폐렴 등의 호흡기 질환, 면역치료 및 알레르기 클리닉, 폐기능검사	"[학력] 서남대학교 의학과 졸업
[학력] 울산대학교 대학원 석사"	"[경력] 전주예수병원 소아청소년과 전공의
[경력] 서울아산병원 소아청소년과 소아호흡기알레르기분과 임상강사

현) 창원경상국립대학교병원 임상조교수"	"대한소아청소년과학회
대한소아알레르기호흡기학회
대한천식알레르기학회"	
경상국립대학교	창원경상국립대학교병원	소아청소년과	김경란	창원경상국립대학교병원 소아청소년과 김경란.jpg	임상교수	감염병, 패혈증, 불명열, 결핵, 면역저하 또는 결핍 질환, 특수 예방접종, 여행자 의학	"[학력] 부산대학교 의학전문대학원 석사
[학력] 성균관대학교 의학대학원 박사(재학중)"	"[경력] 양산부산대학교병원 인턴
[경력] 삼성서울병원 전공의
[경력] 삼성서울병원 소아감염 임상강사
[경력] UCLA Mattel Children's hospital 단기연수


현) 창원경상국립대학교병원 소아청소년과 임상교수"	"대한소아감염학회
대한감염학회
대한향균요법학회"	"[수상] Asia Pacific Society for immun deficiencies school, travel grant
[수상] 대한소아감염학회 학술연구상 수상"
경상국립대학교	창원경상국립대학교병원	소아청소년과	조민정	창원경상국립대학교병원 소아청소년과 조민정.jpg	임상부교수	선천성 심장질환, 부정맥, 심근염, 가와사끼병, 실신, 흉통, 고혈압, 심장초음파검사, 트레드밀검사, 24시간 홀터검사	"[학력] 영남대학교 의대 졸업
[학력] 영남대학교 의학석사"	"[경력] 영남대학교의료원 소아청소년과 전공의
[경력] Research fellow, University of Texas Health Science Center at San Antonio, USA
[경력] 부산대학교병원 소아청소년과 임상강사
[경력] 인제대학교 부산백병원 소아청소년과 임상강사
[경력] 부산대학교병원 소아청소년과 임상조교수 및 부교수
[경력] 부산대학교병원 소아청소년과 기금조교수
[경력] 소아청소년심장학 세부전문의

현) 창원경상국립대학교병원 소아청소년과 임상부교수"	"대한소아과학회
대한소아심장학회
대한부정맥학회 선천성-유전성 부정맥 연구회 회원
대한심장학회
유럽심장학회 국제회원 (FESC)
대한고혈압학회"	[수상] 대한소아과학회 GSK우수초록상 (2015)
경상국립대학교	창원경상국립대학교병원	소아청소년과	박홍규	창원경상국립대학교병원 소아청소년과 박홍규.jpg	기금교수	소아당뇨, 저혈당, 저신장, 성조숙증, 사춘기 지연, 뇌하수체 기능 이상, 갑상선 기능 장애, 부신 기능 저하증, 골형성부전증, 골다공증, 호로몬 검사	"[학력] 한림대학교 의학과 졸업
[학력] 한림대학교 의학석사"	"[경력] 강동성심병원 전공의 수료
[경력] 아주대학교병원 임상강사
[경력] 한림대학교 성심병원 임상강사
[경력] 동탄성심병원 조교수
[경력] 서울아동병원 소아청소년과 과장
[경력] 서울산보람병원 소아청소년과 과장
[경력] 창원경상대학교병원 소아청소년과 진료전담교수
[경력] 창원경상국립대학교병원 소아청소년과 임상교수


현) 창원경상국립대학교병원 소아청소년과 기금교수"		
경상국립대학교	창원경상국립대학교병원	소아청소년과	김재영	창원경상국립대학교병원 소아청소년과 김재영.jpg	교수	염증성 장질환 (크론병, 궤양성 대장염, 장베체트병), 소화기 증상 (복통, 혈변, 구토, 설사, 변비 등), 식품위장관알레르기, 간질환 (황달, 간염), 췌장질환 (췌장염), 영양질환(소아비만, 저체중, 식이장애), 소아 위 대장내시경, 치료내시경, 캡슐내시경	"[학력] 부산대학교 의대 졸업
[학력] 부산대학교 의학박사"	"[경력] 서울대학교 어린이병원 소아소화기영양분과 임상강사
[경력] 부산성분도병원 (현, 부산성모병원) 소아과과장
[경력] 충남대학교병원 소아청소년과과장
[경력] 충남대학교 의과대학(의학전문대학원) 주임교수
[경력] 소아청소년소화기영양 분과전문의
[경력] 소화기내시경 인정전문의
[경력] 소아소화기영양 세부전문의 수련이사
[경력] PGHN 심사위원 및 부편집인


현) 창원경상국립대학교병원 소아청소년과 교수"	"대한소아과학회
대한소아소화기영양학회, 소화기학회, 소화기내시경학회, 소화관운동학회
아태소아소화기영양학회"	"[수상] 대한소화관운동학회 젊은 연구자상 (2002)
[수상] 대한소아과학회 우수 포스터상 (2001)
[수상] 대한소아소화기영양학회 학술상 (2015)"
경상국립대학교	창원경상국립대학교병원	소아청소년과	박찬후	창원경상국립대학교병원 소아청소년과 박찬후.jpg	교수	이른둥이, 고위험신생아, 기타 신생아질환	"[학력] 서울대학교 의대 졸업
[학력] 서울대학교 의학박사"	"[경력] 서울대학교병원 인턴, 소아과 전공의
[경력] 경상대학교병원 소아과 임상강사
[경력] 경상대학교병원 소아과 임상교수
[경력] 경상대학교병원 소아과 기금교수
[경력] 경상대학교의과대학 조교수
[경력] 경상대학교의과대학 부교수

현) 창원경상국립대학교병원 소아청소년과 교수"	"대한 소아과학회
대한 신생아학회
대한 주산기학회"	
경상국립대학교	창원경상국립대학교병원	소아청소년과	박은실	창원경상국립대학교병원 소아청소년과 박은실.jpg	교수	혈액종양질환, 혈관종, 혈소판감소증	[학력] 경상대학교 의대 졸업	"[경력] 서울대병원 인턴, 레지던트
[경력] 서울대병원 임상강사
[경력] 경상대병원 전임강사, 조교수
[경력] Young traveler""s award(05""8)

현) 창원경상국립대학교병원 소아청소년과 교수"	"대한소아과학학회
대한소아혈액종양학회
대한혈액학회
대한조혈모세포이식학회
대한뇌종양학회"	
경상국립대학교	창원경상국립대학교병원	소아청소년과	권경아	창원경상국립대학교병원 소아청소년과 권경아.jpg	촉탁의	신생아실 입원환자전담진료	"[학력] 부산대학교 의과대학 졸업
[학력] 부산대학교 의학대학원 석사
[학력] 부산대학교 의학대학원 박사"	"[경력] 부산대학교병원 전공의(레지던트)
[경력] 양산부산대학교어린이병원 신생아분과 전임의
[경력] 좋은문화병원 신생아중환자실 과장
[경력] 좋은강안병원 소아청소년과 과장
[경력] 동아대학교병원 신생아중환자실 조교수
[경력] 한나여성아이병원 소아청소년과 원장

현) 창원경상국립대학교병원 소아청소년과 촉탁의"	"대한소아청소년학회
대한신생아학회
대한소아감염학회
대한소아심장학회"	
경상국립대학교	창원경상국립대학교병원	소아청소년과	방문길	창원경상국립대학교병원 소아청소년과 방문길.jpg	촉탁의	소아 및 청소년 응급실진료	[학력] 연세대학교 의학과 졸업	"[경력] 원주세브란스병원 전공의

현) 창원경상국립대학교병원 촉탁의"	소아청소년과학회	
경상국립대학교	창원경상국립대학교병원	소아청소년과	김성준	창원경상국립대학교병원 소아청소년과 김성준.jpg	촉탁의	소아 및 청소년 응급실진료	[학력] 중앙대학교 의학과 졸업	"[경력] 여의도성모병원 전공의
[경력] 창원파티마병원 과장

현) 창원경상국립대병원 소아청소년과 촉탁의"		
경상국립대학교	창원경상국립대학교병원	산부인과	백종철	창원경상국립대학교병원 산부인과 백종철.jpg		부인과종양(자궁경부암, 내막암, 난소암), 양성질환(자궁근종, 선근증, 내막종, 기형종), 로봇수술	"[학력] 경상대학교 의대 졸업
[학력] 경상대학교 의학박사"	"[경력] 경상대학교병원 산부인과 인턴, 레지던트, 임상강사
[경력] 가톨릭대학교 외래교수
[경력] 국립암센터 연수
[경력] 창원파티마병원 산부인과 과장

현) 창원경상국립대학교병원 로봇수술센터장"	"대한산부인과학회
대한부인종양콜포스코피학회
대한산부인과내시경 최소침습수술학회
대한폐경학회"	
경상국립대학교	창원경상국립대학교병원	산부인과	박지은	창원경상국립대학교병원 산부인과 박지은.jpg	조교수	산과, 태아정밀진단, 태아치료	"[학력] 경상대학교 의대 졸업
[학력] 경상대학교 의학석사"	"[경력] 경상대학교병원 산부인과 인턴, 레지던트
[경력] 서울대학교병원 산부인과 연수
[경력] 서울아산병원 태아치료센터 연수
[경력] 경상대학교병원 산부인과 임상강사
[경력] 서울아산병원 산부인과 임상강사

현) 창원경상국립대학교병원 산부인과 조교수"	"대한산부인과학회
대한산부인과초음파학회
대한모체태아의학회
ISUOG (International society of ultrasound in obstetrics and gynecology)"	
경상국립대학교	창원경상국립대학교병원	산부인과	조현철	창원경상국립대학교병원 산부인과 조현철.jpg	임상교수	자궁근종, 난소양성종양, 로봇수술, 월경이상(무월경, 다낭성난소증후군), 폐경 클리닉, 산전진찰	"[학력] 경상대학교 의과대학 졸업
[학력] 경상대학교 의과대학 석사"	"[경력] 경상대학교병원 전공의 수료
[경력] 경상대학교병원 산부인과 임상강사


현) 창원경상국립대학교병원 산부인과 임상교수"	"대한산부인과학회
대한태아모체의학회
대한산부인과초음파학회
대한산부인과내분비학회
대한폐경학회
대한산부인과로봇수술학회"	
경상국립대학교	창원경상국립대학교병원	산부인과	양주석	창원경상국립대학교병원 산부인과 양주석.jpg	촉탁의	산과, 태아정밀진단, 태아치료, 고위험산모관리	"[학력] 부산대학교 의학과 졸업
[학력] 부산대학교 의학대학원 석사"	"[경력] 양산부산대학교병원 인턴
[경력] 양산부산대학교병원 산부인과 전공의
[경력] 양산부산대학교병원 산부인과 전임의
[경력] 양산부산대학교병원 산부인과 진료교수
[경력] 서울아산병원 산부인과 임상강사 (태아치료센터)
[경력] 양산부산대학교병원 임상조교수
[경력] Reproductive medicine and Immunology, Rosalind Franklin University 해외 연수


현) 창원경상국립대학교병원 촉탁의"	"대한산부인과학회 정회원
대한모체태아의학회 정회원
대한산부인과초음파학회 정회원
ISUOG (International Society of Ultrasound in Obstetrics and Gynecology) Member"	"[수상] 2013 13th World Congress of Perinatal Medicine, oral presentation
[수상] 2015 청년 장기려의학상 수상 (사단법인 부산과학기술협의회)
[수상] 2017 제48차 대한폐경학회 추계학술대회 우수구연상"
경상국립대학교	창원경상국립대학교병원	정신건강의학과	이철순	창원경상국립대학교병원 정신건강의학과 이철순.jpg	교수	소아청소년정신질환 24개월~만18세(고등학교 졸업 전까지)	"[학력] 경상대학교 의대 졸업
[학력] 경상대학교 의학석박사"	"[경력] 경상대학교병원 정신건강의학과 전공의
[경력] 서울대학교병원 소아정신과 임상강사
[경력] 캐나다 토론토대학교 정신과
[경력] 경상남도 광역정신건강복지 센터장

현) 경상국립대학교 및 창원경상국립대학교병원 교수"	"대한신경정신의학회 정회원
대한 소아청소년정신의학과 정회원 및 소아청소년 정신과 세부전문의
맥락적 행동과학 연구회 정회원"	
경상국립대학교	창원경상국립대학교병원	정신건강의학과	이동윤	창원경상국립대학교병원 정신건강의학과 이동윤.jpg	조교수	성인정신질환 (만 19세~만 59세)	"[학력] 경상대학교 의대 졸업
[학력] 경상대학교 의학석사"	"[경력] 경상대학교병원 전공의 수료
[경력] 분당서울대학교병원 기분장애클리닉 임상강사
[경력] 경상대학교병원 기분장애 임상강사
[경력] 경상대학교병원 정신건강의학과 진료교수

현) 창원경상국립대학교병원 정신건강의학과 조교수"	"대한신경정신의학회 정회원
국제조울병학회(International Society for Bipolar Disorders, ISBD Korea) 회원"	
경상국립대학교	창원경상국립대학교병원	정신건강의학과	이영지	창원경상국립대학교병원 정신건강의학과 이영지.jpg	조교수	성인정신질환 (만 19세~만59세)	"[학력] 영남대학교 의과대학 졸업
[학력] 영남대학교 의학박사"	"[경력] 영남대학교병원 전공의 수료
[경력] 영남대학교병원 정신건강의학과 임상강사
[경력] 영남대학교병원 정신건강의학과 임상교수
[경력] 영남대학교영천병원 정신건강의학과 교수 순환진료

현) 창원경상국립대학교병원 정신건강의학과 조교수"	"대한불안의학회 정회원
생물치료정신학회 회원
대한수면학회 평생회원
대한정서인지행동의학회 평생회원"	
경상국립대학교	창원경상국립대학교병원	정신건강의학과	임은지	창원경상국립대학교병원 정신건강의학과 임은지.jpg	임상조교수	노인성정신질환 (만 60세 이상)	[학력] 경상대학교 의학전문대학원 의학석사	"[경력] 경상대학교병원 인턴
[경력] 경상대학교병원 정신건강의학과 전공의
[경력] 분당서울대학교병원 임상강사
[경력] 창원경상국립대학교병원 정신건강의학과 임상강사

현) 창원경상국립대학교병원 정신건강의학과 임상조교수"	"대한신경정신의학회 정회원
대한노인정신의학회 정회원
대한노인정신의학회 노인정신건강 인증의
대한조현병학회 Fellowship
대한불안의학회 불안장애 심층치료"	
경상국립대학교	창원경상국립대학교병원	신경과	조은빈	창원경상국립대학교병원 신경과 조은빈.jpg	기금부교수	근무력증, 다발성경화증, 시신경 척수염, 루게릭병 (ALS), 척수질환, 말초신경질환(사지 근력 약화, 손발 저림, 감각 저하), 자율신경질환(기립성 어지럼, 실신, 다한증, 무한증), 근육질환, 통증(화끈거리는 발, 대상포진 후 동통, 삼차신경통, 손/발 시림), 수술 중 신경계 감시, 두통, 어지럼	"[학력] 가천의학전문대학원 의학석사
[학력] 성균관대학교 의학박사"	"[경력] 삼성서울병원 인턴, 레지던트
[경력] New York Presbyterian Hospital (Weill Cornell Medical Center) 단기 연수
[경력] 삼성서울병원 신경과 연구강사 (말초신경 및 신경면역질환)
[경력] 창원경상국립대학교병원 신경과 기금조교수

현) 창원경상국립대학교병원 신경과 기금부교수
현) Annals of Clinical Neurophysiology, managing editor
"	"대한신경과학회 정회원
대한신경면역학회 정회원
대한임상신경생리학회 정회원
대한통증.자율신경학회 정회원
대한신경근육질환학회 정회원"	"[수상] Young Investigator Awards at the European Stroke Conference 2013
[수상] 이원용 연구기금 학술상
[수상] 젊은 연구자를 위한 학술연구비 선정, 대한임상신경생리학회
[수상] 우수연제상, 대한통증자율신경학회 (2017)
[수상] 우수발표상, 대한신경과학회 (2020)
[수상] 우수구연상, 대한신경면역학회 (2021)"
경상국립대학교	창원경상국립대학교병원	신경과	정승욱	창원경상국립대학교병원 신경과 정승욱.jpg	조교수	뇌졸중, 중재적 시술(뇌혈관질환), 경동맥 질환, 신경계중환자의학, 뇌혈관박리	"[학력] 경상대학교 의대 졸업
[학력] 경상대학교 의학석사"	"[경력] 경상대학교병원 인턴, 레지던트
[경력] 공중보건의
[경력] 서울대학교병원 신경과 뇌졸중 임상강사
[경력] 분당서울대학교병원 영상의학과 신경중재치료 및 뇌혈관 영상의학 임상강사
[경력] 창원경상대학교병원 진료교수

현) 창원경상국립대학교병원 신경과 조교수

[수상 ]2015 대한신경중재치료의학회 우수학술연제발표 선정"	"대한신경과학회 정회원
대한뇌졸중학회 정회원
대한신경중재치료의학회 정회원
대한중환자의학회 평생회원
대한임상신경생리학회 학술위원"	[수상] 국제학술대회, Travel Award in Asian Pacific Stroke Conference 2014
경상국립대학교	창원경상국립대학교병원	신경과	양태원	창원경상국립대학교병원 신경과 양태원.jpg	조교수	뇌전증(간질), 수면장애 (불면증, 과다졸림, 수면무호흡, 수면 중 이상행동, 잠꼬대, 하지불안증후군), 의식소실, 중추신경계 감염, 두통	"[학력] 경상대학교 의과대학 졸업
[학력] 경상대학교 의학박사"	"[경력] 경상대학교병원 신경과 전공의
[경력] 서울대학교병원 신경과 임상강사
[경력] 창원경상대학교병원 신경과 진료교수
[경력] 뇌파전임의 인증
[경력] 수면다원검사 교육과정 이수

현) 창원경상국립대학교병원 신경과 조교수
"	"대한신경과학회 정회원
대한뇌전증학회 평생회원/위원
대한임상뇌전증연구회 정회원/이사
대한뇌파연구회 정회원/이사
대한수면학회 정회원
대한수면연구학회 평생회원/이사
대한뇌염뇌염증학회 정회원/이사
대한임상신경생리학회 정회원"	"[수상] 제22회 대한뇌전증학회 국제학술대회 우수 발표상 2017
[수상] 대한임상뇌전증연구학회 우수 논문상 2020
[수상] 대한임상뇌전증연구학회 우수 발표상 2020"
경상국립대학교	창원경상국립대학교병원	신경과	김승주	창원경상국립대학교병원 신경과 김승주.jpg	임상부교수	기억력저하, 치매(알츠하이머병 치매, 혈관성치매 등), 언어장애, 경도인지장애, 퇴행성 뇌질환, 두통, 어지럼	"[학력] 부산대의학전문대학원 의학석사
[학력] 부산대의학전문대학원 의학박사"	"[경력] 삼성서울병원 인턴 수료
[경력] 양산부산대학교병원 전공의 수료
[경력] 삼성서울병원 신경과 임상강사

현) 창원경상국립대학교병원 신경과 임상부교수"	"대한신경과학회 정회원
대한치매학회 정회원
대한임상신경생리학회 정회원"	
경상국립대학교	창원경상국립대학교병원	신경과	김현성	창원경상국립대학교병원 신경과 김현성.jpg	임상조교수	신경이안과(어지럼, 두통, 복시), 파킨슨병	[학력] 경상국립대학교 의학전문대학원 졸업	"[경력] 양산부산대학교병원 전공의
[경력] 양산부산대학교병원 전임의
[경력] 양산부산대학교병원 진료조교수


현) 창원경상국립대학교병원 임상조교수"	"대한신경과학회
대한평형의학회
대한안신경의학회
대한두통의학회"	[수상] 2023년 대한안신경학회 우수구연상 수상
경상국립대학교	창원경상국립대학교병원	신경과	정선혜	창원경상국립대학교병원 신경과 정선혜.jpg		두통, 어지러움		"[경력] 양산부산대학교병원 전공의
[경력] 부산 좋은삼선병원
[경력] 진해 연세에스병원
[경력] 마산 삼일정풍병원"		
경상국립대학교	창원경상국립대학교병원	정형외과	박형빈	창원경상국립대학교병원 정형외과 박형빈.jpg	교수	견주관절 질환 및 외상(어깨,팔꿈치), 스포츠외상	"[학력] 경상대학교 의대 졸업
[학력] 부산대학교 의학박사"	"[경력] 1994년 2월 정형외과 전문의 취득
[경력] 1994년 2월-1997년 4월 군복무 (1997, 5월 1일 해군소령 예편)
[경력] Postdoctal Fellow, Sports medicine and Shoulder Surgery, Department of Orthopaedic
Surgery , The Johns Hopkins Medicine
[경력] Postdoctal Fellow, Dept. of Tissue Engineering, School of Biomedical Engineering, Johns Hopkins University
[경력] 스포츠의학 분과전문의
[경력] 경상대학교 의과대학 교수
[경력] 창원경상대학교병원 제2대 병원장
[경력] GOTS fellowship 2007 (Germany, Austria, Switzerland)
[경력] Marquis Who’s who 인명사전 등재
[경력] 제22대 대한견주관절학회 학회장
[경력] 제17대 대한정형외과초음파학회 회장
[경력] 대한정형외과 연구학회 평의원
[경력] 대한정형통증의학회 평의원, 학술위원장
[경력] 대한정형외과 기초연구학회 평의원
[경력] 대한견주관절학회지 편집위원장
[경력] 대한 운동계 줄기세포 재생의학회 차기 회장
[경력] 부산울산경남 정형외과 지회 이사
[경력] 2016 세계견주관절학회 조직위원
[경력] 대한견주관절학회 경상지회 이사
[경력] 영남 견주관절 연구회 회장

현) 창원경상국립대학교병원 정형외과 교수

<수상내역>
- 대한정형외과학회 학술장려상(기초부문)
Cytotoxic Effects of Ropivacaine, Bupivacaine, and Lidocaine on Rotator Tenofibroblasts.
- 대한견주관절학회 학술상 :
Antiapoptotic Effects of Anthocyanins on Rotator cuff Tenofibroblasts.
- 대한골절학회 학술 우수상
저강도 초음파가 가토의 대퇴골 골신연술에 미치는 영향.
- 아시아 관절경학회 우수논문상
Chronicity of the Rotator Cuff Tendon Affects Tearing of the Long Head of the Biceps Tendon"	"대한정형외과학회
대한골절학회
대한스포츠의학회
대한관절경학회
대한정형외과 연구학회
대한정형외과 초음파학회
대한정형외과 통증학회
미국정형외과학회
미국정형외과 연구학회
ISACOS(세계 관절결,슬관절,스포츠의학회)"	
경상국립대학교	창원경상국립대학교병원	정형외과	정구희	창원경상국립대학교병원 정형외과 정구희.jpg	부교수	다발성 외상, 골반 및 고관절 골절, 골수염, 종양 (수부 및 척추 제외) 감염성 불유합, 하지부동, 소아 무릎~정강이통증 만 14세 미만	"[학력] 고신의대 졸업
[학력] 경북대학교 의학박사"	"[경력] 고신대학교복음병원 정형외과 전공의 수료
[경력] 고신대학교복음병원 정형외과 임상강사
[경력] 고신대학교 의과대학 부교수
[경력] 독일 하노버 의과대학 외상센터 연수

현) 창원경상국립대학교병원 정형외과 부교수
"	"대한 정형외과학회
대한 골절학회
AO trauma korea
대한골연장변형교정학회"	"[수상] 대한 골절 학회 우수 논문상
[수상] 대한 골절 학회 우수 논문상"
경상국립대학교	창원경상국립대학교병원	정형외과	안정태	창원경상국립대학교병원 정형외과 안정태.jpg	임상부교수	족부 및 족관절질환, 발목 및 발 외상 및 스포츠손상, 족부관절염 및 근막염, 아킬레스건질환, 무지외반증, 소아족부	"[학력] 경희대학교 의대 졸업
[학력] 충북대학교 의과대학 대학원 석박사 통합과정 수료 및 박사학위 취득"	"[경력] 한림대학교 한강성심병원 정형외과 전공의
[경력] 성균관대학교 삼성서울병원 정형외과 족부족관절분과 전임의
[경력] 제주한라병원 정형외과 족부족관절 및 하지외상 진료과장
[경력] 경희대학교 강동경희대학교병원 정형외과 임상조교수 및 임상부교수
[경력] 근로복지공단 업무상질병 판정위원회 위원

현) 창원경상국립대학교병원 정형외과 임상부교수"	"대한의사협회 정회원
대한정형외과학회 정회원
대한족부족관절학회 정회원
대한관절경학회 정회원"	
경상국립대학교	창원경상국립대학교병원	정형외과	강동근	창원경상국립대학교병원 정형외과 강동근.jpg	부교수	로봇인공관절수술(무릎,), 무릎(슬관절) 질환 및 수술, 휜다리 교정수술 무릎주위 스포츠손상 및 골절, 소아무릎 만 14세 이상	"[학력] 경희대학교 의대 졸업
[학력] 경희대학교 의학 석사/박사"	"[경력] 경희의료원 정형외과 전문의 과정 수료
[경력] 강동경희대병원 정형외과 슬관절 임상강사
[경력] 한전병원 정형외과 과장
[경력] 경상대학교 의과대학 정형외과 조교수
[경력] 일본 쇼와대학 Fujigaoka병원 방문교수
[경력] 미국 샌디에고 TSRI (The Scripps Research Institute) 연수

현) 창원경상국립대학교병원 정형외과 부교수"	"대한 정형외과학회 정회원
대한 슬관절학회 정회원 및 학술지(KSRR) 심사위원
대한 관절경학회 정회원
대한 스포츠의학회 정회원
대한 골절학회 정회원
대한 운동계 줄기세포 재생의학회 정회원
대한 정형외과 스포츠의학회 정회원"	
경상국립대학교	창원경상국립대학교병원	정형외과	이석중	창원경상국립대학교병원 정형외과 이석중.jpg	임상교수	척추관 협착증, 경추 및 흉추 척수병증, 척추 추간판 질환, 척추외상, 척추종양, 소아척추질환, 최소침습수술	"[학력] 전북대학교 의과대학 졸업
[학력] 경북대학교 의학대학원 석박사"	"[경력] 원광대학교 병원 전공의
[경력] 원광대학교 병원 임상강사
[경력] 서울대학교 병원 임상강사
[경력] 부산대학교양산병원 임상교수
[경력] 군산의료원 과장
[경력] 계명대학교 동산병원 임상교수

현) 창원경상국립대학교병원 정형외과 임상교수
"	"대한정형외과학회 정회원
대한척추외과학회 정회원
대한수부외과학회 정회원
대한미세수술학회 정회원
대한척추외과학회 척수신경연구회 정회원
대한척추외과학회 경추연구회 정회원
대한척추외과학회 척추통증연구회 정회원
대한정형통증의학회 부총무
대한정형통증의학회 보험위원
대한골대사 학회 보험위원
대한척추종양학회 회원
대한정형외과학회 대한정형외과학회 학회지 심사 위원
Cervical Spine Research Society - Asia Pacific Section (CSRS-AP) active member, 아시아 태평양 경추외과 학회 회원
Cervical Spine Research Society member, 국제 경추외과학회 회원
North America Spine Society(NASS) member, 북미 척추외과학회 회원"	"[수상] 대한정형외과학회 우수 논문상
[수상] 대한 척추외과학회 향산 학술상"
경상국립대학교	창원경상국립대학교병원	정형외과	김주영	창원경상국립대학교병원 정형외과 김주영.jpg	임상조교수	고관절질환,인공관절수술(엉덩이관절) 및 관절경, 골다공증 및 하지외상, 성인 정강이통증, 소아 고관절 질환 및 통증	"[학력] 고신대학교 의대 졸업
[학력] 인제대학교 의학 석·박사(재학)"	"[경력] 가톨릭대학교 서울성모 병원 수련의, 전공의
[경력] 가톨릭대학교중앙의료원 정형외과 우수 전공의
[경력] 가톨릭대학교 여의도성모병원 임상강사(고관절 및 슬관절) 수료
[경력] 가톨릭대학교 서울성모병원 관절센터 전임의
[경력] 가톨릭대학교 의과대학 정형외과 외래교수
[경력] 근로복지공단 업무상 질병판정위원회 위원
[경력] 대한정형외과학회 부울경지회 학술이사 및 상임이사
[경력] 대한고관절학회 골다공증-근감소증 전문위원
[경력] 대한고관절학회지(Hip&Pelvis) 심사위원

현) 창원경상국립대학교병원 정형외과 임상조교수"	"대한 의사협회 정회원
대한 정형외과학회 정회원
대한 고관절학회 정회원
대한 슬관절학회 정회원
대한 관절경학회 정회원
대한 골절학회 정회원
AO Trauma Principle Course 이수
AO Recon hip & knee arthroplasty Course 이수
Mako Robot-Surgery Certification Course(Hip&Knee)수료"	
경상국립대학교	창원경상국립대학교병원	신경외과	황수현	창원경상국립대학교병원 신경외과 황수현.jpg	교수	척추미세수술, 척추 협착증, 디스크, 척추 후종인대골화증, 외상성 척추질환, 전이성 척추암, 척수종양, 두부외상, 뇌전증(간질), 뇌경색수술, 뇌동맥류수술, 수근관증후군	"[학력] 경상대학교 의대 졸업
[학력] 인제대학교 의학박사"	"[경력] 육군을지부대 52연대 4지대장
[경력] 경상대학병원 신경외과 전공의수료
[경력] 서울삼성병원 신경외과 임상강사 수료
[경력] 경상대학교병원 신경외과 임상강사 수료
[경력] 경상대학교병원 전임교원 임용
[경력] 미국 클리브랜드 클리닉 척추연구소 연수

현) 창원경상국립대학교병원 신경외과 교수"	"대한신경외과 학회
대한 척추신경외과 학회
대한 뇌혈관 학회"	
경상국립대학교	창원경상국립대학교병원	신경외과	박현	창원경상국립대학교병원 신경외과 박현.jpg	기금교수	뇌동맥류, 뇌혈관기형, 뇌졸중, 경동맥질환, 뇌혈관 내수술, 척추혈관기형	[학력] 경상대학교 의학박사	"[경력] 서울대학교병원 신경외과 뇌혈관 임상강사
[경력] 분당서울대학교병원 뇌혈관 임상강사
[경력] 제주대학교병원 신경외과 교수
[경력] 2017년 뇌동맥류 혈관내(內)색전술 1000례 이상

현) 창원경상국립대학교병원 신경외과 과장/ 뇌혈관센터장/기금교수
현) 대한뇌혈관내수술학회(SKEN) 학회지 편집위원
현) 근로복지공단 장해판정위원
현) 진료심사평가원 심사위원"	"대한신경외과학회 정회원
대한뇌혈관학회 정회원
대한 뇌혈관내 수술학회 정회원
대한 신경중재치료의학회 정회원
대한 뇌졸중 학회 정회원
대한 뇌혈관내(內) 수술학회 편집위원
대한 뇌혈관외과학회 간행위원"	
경상국립대학교	창원경상국립대학교병원	신경외과	이광호	창원경상국립대학교병원 신경외과 이광호.jpg	임상조교수	뇌동맥류, 뇌혈관기형, 뇌졸중, 뇌혈관 내수술, 개두술(뇌혈관), 두부외상	"[학력] 경상대학교 의대 졸업
[학력] 경상대학교 의학석사"	"[경력] 경상대학교병원 전공의
[경력] 경상대학교병원 신경외과 임상강사
[경력] 경상대학교병원 신경외과 진료교수
[경력] 경상대학교병원 외과계 중환자실 실장
[경력] Journal of Cerebrovascular and Endovascular Neurosurgery 편집위원 및 심사위원
[경력] 뇌혈관내수술인증의

현) 창원경상대학교병원 신경외과 임상조교수"	"대한신경외과학회 정회원
대한뇌혈관외과학회 정회원
대한뇌혈관내치료의학회 정회원"	
경상국립대학교	창원경상국립대학교병원	신경외과	허원	창원경상국립대학교병원 신경외과 허원.jpg	조교수	척추미세수술, 척추 협착증, 디스크, 척추 후종인대골화증, 외상성 척추질환, 전이성 척추암, 척수종양, 두부외상, 뇌전증(간질), 뇌경색수술, 뇌동맥류수술, 수근관증후군	[학력] 경상대학교 의학석사	"[경력] 7사단 군의관, 국군함평병원 신경외과장
[경력] 서울대학교병원 신경외과 임상강사
[경력] 서울대학교병원 척추센터 임상강사
[경력] 대한정위기능신경외과학회 교과서 편집위원


현) 창원경상국립대학교병원 신경외과/척추센터 조교수"	"대한신경외과학회(종신회원)
대한척추신경외과학회(종신회원)
대한정위기능신경외과학회
대한최소침습척추학회
대한척수손상학회
대한경추연구회
대한척추종양연구회
대한척추변형연구회
AO Spine membership
Medtronics Young Surgeon course (2015.12)
Medtronics Expanding and refining your range of skills in spine surgery (2016.3)"	"[수상] 2018 대한신경외과학회 이인수 학술상(젊은 연구자 부문 최우수논문)
[수상] 2018 대한신경외과학회 부울경지회 최우수 연제상"
경상국립대학교	창원경상국립대학교병원	신경외과	이자명	창원경상국립대학교병원 신경외과 이자명.jpg	임상교수	두부외상, 뇌혈관, 신경중환자, 뇌경색수술	[학력] 경상대학교 의과대학 수료	"[경력] 경상대학교병원 전공의 수료
[경력] 경상대학교병원 인턴 수료
[경력] 경상대학교병원 전임의 수료
[경력] 대한중환자의학 세부전문의
[경력] 경상대학교병원 임상교수

현) 창원경상국립대학교병원 임상교수"	"대한신경외과학회 정회원
대한중환자의학회 정회원
대한신경중환자회 정회원
대한신경손상학회 정회원
대한노인신경외과학회 정회원"	
경상국립대학교	창원경상국립대학교병원	신경외과	고경오	창원경상국립대학교병원 신경외과 고경오.jpg	진료전담교수	뇌종양, 뇌하수체, 신경혈관압박증후군(편측안면경련, 삼차신경통), 수두증	[학력] 경상대학교 의학과 졸업	"[경력] 경상대학교병원 전공의 수료
[경력] 육군 1사단, 국군일동병원 신경외과 군의관
[경력] 경상대학교병원 신경외과 전임의
[경력] 분당서울대학교병원 신경외과 임상강사
[경력] 경상대학교병원 신경외과 조교수
[경력] Korean Skull Base Society Dissection Course(2018.8)
[경력] University of California San Francisco Medical Center(2019.8)

현) 창원경상국립대학교병원 진료전담교수"	"대한신경외과학회 정회원
대한뇌종양학회 정회원
대한두개저외과학회 정회원
대한내시경뇌수술학회 정회원
대한신경종양학회 정회원
대한소아뇌종양학회 정회원
대한소아청소년신경외과학회 회원
대한감마나이프방사선수술학회 회원"	
경상국립대학교	창원경상국립대학교병원	신경외과	김지홍	창원경상국립대학교병원 신경외과 김지홍.jpg	임상강사	척추신경, 통증	[학력] 동아대학교 의학과 졸업	"[경력] 경상국립대학교병원 전공의

현) 창원경상국립대학교병원 임상강사"	대한신경외과학회 정회원	
경상국립대학교	창원경상국립대학교병원	심장혈관흉부외과	김종우	창원경상국립대학교병원 심장혈관흉부외과 김종우.jpg	교수	성인심장(심장판막질환, 관상동맥질환, 대동맥질환, 심장이식, 선천성 심장질환), 혈관외과 (대동맥스텐트 시술, 말초혈관질환), 소아심장(단순 선천성 기형)	"[학력] 경상대학교 의대 졸업
[학력] 부산대학교 의학박사"	"[경력] 경상대학교병원 흉부외과 전공의
[경력] 서울아산병원 흉부외과 임상강사
[경력] 경상대학교 의과대학 교수
[경력] 경상대학교병원 흉부외과 과장

현) 창원경상국립대학교병원 흉부외과 교수"	"대한흉부심장혈관외과학회 정회원
관상동맥외과학회
부정맥외과학회
대한중재혈관외과학회
대한혈관외과학회
대한중환자의학회
대한정맥학회"	
경상국립대학교	창원경상국립대학교병원	심장혈관흉부외과	변정훈	창원경상국립대학교병원 심장혈관흉부외과 변정훈.jpg	기금교수	성인심장(판막, 관상동맥), 대동맥, 중증외상, 말초혈관질환, ECMO, 중환자관리	"[학력] 고신대학교 의대 졸업
[학력] 고신대학교 의학박사"	"[경력] 한국 원자력병원 인턴 수료
[경력] 고신대학교 복음병원 흉부외과 레지던트 수료
[경력] 고신대학교 복음병원 응급의학과 임상강사
[경력] 고신대학교 복음병원 흉부외과 임상강사
[경력] 서울아산병원 흉부외과 임상강사
[경력] 성균관대학교 삼성창원병원 흉부외과 전임 조교수
[경력] 창원경상대학교병원 흉부외과 임상부교수

현) 창원경상국립대학교병원 흉부외과 기금교수"	대한흉부외과학회 정회원	
경상국립대학교	창원경상국립대학교병원	심장혈관흉부외과	양준호	창원경상국립대학교병원 심장혈관흉부외과 양준호.jpg	기금교수	성인심장(대동맥, 관상동맥, 심장판막 질환, 선천성 심장질환 등), 흉부외상, 말초혈관질환, 중환자관리, 체외막산소장치(ECMO), 소아심장(단순 선천성 기형)	"[학력] 경상대학교 의과대학 졸업
[학력] 경상대학교 의학석사"	"[경력] 경상대학교병원 전공의 수료
[경력] 경상대학교병원 임상강사
[경력] 서울아산병원 임상강사
[경력] 경상대학교병원 진료교수
[경력] 창원경상대학교병원 흉부외과 임상교수

현) 창원경상국립대학교병원 흉부외과 기금교수"		
경상국립대학교	창원경상국립대학교병원	심장혈관흉부외과	문성호	창원경상국립대학교병원 심장혈관흉부외과 문성호.jpg	부교수	하지정맥류, 하지동맥폐쇄증, 당뇨족, 대동맥시술, 심부정맥혈전증, 투석 접근로(수술 및 시술)	"[학력] 경상대학교 의과대학 학사
[학력] 경상대학교 대학원 의학석사"	"[경력] 경상대학교병원 흉부외과 전공의 수련
[경력] 경상대학교 흉부외과 임상강사
[경력] 중앙병원 혈관센터 재직
[경력] 창원경상대학교병원 진료교수
[경력] 창원경상대학교병원 임상조교수

현) 창원경상국립대학교병원 흉부외과 부교수

[해외연수 경력]
2014: Venefit APCES Workshop
2016 : Taipei Veteran General Hospital
　 : VGH International Endovascular Surgery Learning Training
2018 Kishiwada Tokushukai Hospital, Japan
　 : Peripheral Intervention Learning Training
2019 Tokyo Saiseikai Central Hospital, Tokyo, Japan
　: Peripheral Intervention Learning - Platinum Course Plus Training"	"대한혈관외과학회 (정회원)
대한흉부외과학회 (정회원)
KTCVS혈관외과연구회
대한정맥학회"	
경상국립대학교	창원경상국립대학교병원	심장혈관흉부외과	정재준	창원경상국립대학교병원 심장혈관흉부외과 정재준.jpg	기금조교수	폐암, 식도암, 폐양성질환, 식도양성질환, 종격동, 흉강경수술, 로봇수술	"[학력] 경상대학교 의과대학 졸업
[학력] 경상대학교 의학석사"	"[경력] 삼성서울병원 전공의 수료
[경력] 삼성서울병원 흉부외과 임상강사
[경력] 국립마산병원 공중보건의
[경력] German Heart Centre 단기연수
[경력] 창원경상국립대학교병원 흉부외과 임상교수

현) 창원경상국립대학교병원 흉부외과 기금조교수"	"대한흉부외과학회 정회원
대한폐암학회 정회원
대한흉부종양외과학회 정회원
International Association for the Study of Lung Cancer (IASLC) 정회원"	
경상국립대학교	창원경상국립대학교병원	심장혈관흉부외과	강동훈	창원경상국립대학교병원 심장혈관흉부외과 강동훈.jpg	임상교수	성인심장(관상동맥, 심장판막질환 등), 대동맥질환, 흉부외상, 중환자관리, 체외막산소장치(ECMO)	[학력] 경상대학교 의학석사	"[경력] 경상대학교병원 전공의 수료
[경력] 창원경상대학교병원 흉부외과 임상강사

현) 창원경상국립대학교병원 흉부외과 임상교수"		
경상국립대학교	창원경상국립대학교병원	성형외과	김준식	창원경상국립대학교병원 성형외과 김준식.jpg	교수	미용성형(눈성형, 코성형, 반흔성형, 주름성형), 재건성형(두경부종양, 유방성형재건, 선천성기형)	"[학력] 경상대학교 의대 졸업
[학력] 전북대학교 의학박사"	"[경력] 경상대학교병원 성형외과 레지던트
[경력] 경상대학교병원 임상강사, 임상교수
[경력] 대만 장건기념병원 연수
[경력] 경상대학교병원 성형외과장/경상대학교 의학전문대학원 주임교수

현) 창원경상국립대학교병원 성형외과 교수

* SCI국내 발표저널 외 다수 논문 발표"	"대한성형외과학회 수련교육위원, 편집위원
대한미용성형외과학회
두안면성형외과학회
대한수부외과학회 이사"	
경상국립대학교	창원경상국립대학교병원	성형외과	이윤정	창원경상국립대학교병원 성형외과 이윤정.jpg	촉탁의	미용성형(눈성형, 코성형, 반흔성형), 외상, 지방이식 및 흡입술	[학력] 경상대학교 의대 졸업	"[경력] 경상대학교병원 성형외과 전공의 수료
[경력] 前) 창원 쥬얼리 성형외과 원장

현) 창원경상국립대학교병원 성형외과 촉탁의"	"대한 성형외과학회
대한 미용성형외과학회"	
경상국립대학교	창원경상국립대학교병원	안과	한용섭	창원경상국립대학교병원 안과 한용섭.jpg	부교수	망막, 황반변성, 포도막, 백내장	"[학력] 경상대학교 의대 졸업
[학력] 경상대학교 의학박사"	"[경력] 경상대학교병원 안과 조교수
[경력] 경상대학교병원 안과 부교수

[연수] 일본 Osaka University Hospital 망막 연수
[연수] 미국 Casey Eye Institute, OHSU, Portland, OR 망막,포도막염 연수

현) 창원경상국립대학교병원 안과 부교수, 경상대학교 의과대학 안과학교실 부교수"	"한국망막학회 정회원
한국포도막학회 정회원
대한안과학회 정회원
대한안감염연구회 정회원
미국 시과학연구회 정회원
유럽유리체망막학회"	
경상국립대학교	창원경상국립대학교병원	안과	조현경	창원경상국립대학교병원 안과 조현경.jpg	부교수	녹내장, 백내장	"[학력] 부산대학교 의대 졸업
[학력] 카톨릭대학교 의학석사
[학력] 성균관대학교 의학박사"	"[경력] 가톨릭대학교 중앙의료원 (서울성모병원) 안과 전공의 수료
[경력] 삼성서울병원 녹내장 임상강사 수료
[경력] 구마모토 국립대학 녹내장 연수
[경력] 창원경상국립대학교병원 안과 조교수

현) 창원경상국립대학교병원 안과 부교수

[활동] 대한안과학회지 편집위원
[활동] 대한안과학회지 영문원고편집인, 편집위원
[활동] 한국녹내장학회 다기관연구위원회 간사
[활동] 한국녹내장학회지 편집위원
[활동] Korean Journal of Ophthalmology 녹내장 심사위원
[활동] 한중일안과학회 학술위원회 위원
[활동] 한중일안과학회 운영위원
"	"대한안과학회 정회원
한국 녹내장학회 정회원
미국 시과학연구회 정회원
미국 안과학회 정회원"	"[수상] 가톨릭중앙의료원 우수 전공의상 수상
[수상] English Glaucoma Academy Best Presentation Award 수상
[수상] English Glaucoma Academy Best Discussant Award 수상
[수상] 2019년 한국녹내장학회 제일남명장학금 수상
[수상] 한국연구재단 국책과제 수행 중: 2019년~
[수상] 124회 대한안과학회 학술대회 학술상 구연상 수상
[수상] 2021년도 한중일안과학회 우수연제상 수상
[수상] 2022년 창원경상국립대학교병원 학술상 우수연구자상 수상"
경상국립대학교	창원경상국립대학교병원	안과	김지혜	창원경상국립대학교병원 안과 김지혜.jpg	임상교수	소아안과, 사시, 소아 덧눈꺼풀, 안검내반, 신경안과	[학력] 경상대학교 의학석사	"[경력] 경상대학교병원 전공의 수료
[경력] 경상대학교병원 안과 임상강사

현) 창원경상국립대학교병원 안과 임상교수"	"대한 안과학회 정회원
한국 사시소아안과학회 정회원
한국 신경안과 학회 정회원
한국 백내장 굴절 수술학회 정회원
한국 콘택트렌즈 학회 정회원"	
경상국립대학교	창원경상국립대학교병원	안과	이우혁	창원경상국립대학교병원 안과 이우혁.jpg	임상교수	망막, 황반변성, 포도막, 비문증, 백내장	"[학력]충남대학교 의과대학
[학력]충남대학교 의학석사
[학력]충남대학교 의학박사"	"[경력]충남대학교병원 안과 전공의
[경력]충남대학교병원 안과 망막, 유리체, 포도막 임상강사
[경력]창원경상대학교병원 안과 임상강사

현)창원경상국립대학교병원 안과 임상교수"	"대한안과학회 정회원
한국포도막학회 정회원
한국망막학회 예비회원
아시아태평양망막영상학회 회원"	
경상국립대학교	창원경상국립대학교병원	안과	김범준	창원경상국립대학교병원 안과 김범준.jpg	임상강사	망막, 백내장, 눈물길질환, 눈꺼풀 조직검사	[학력] 경상국립대학교 의학전문대학원 졸업	"[경력] 창원경상국립대학교병원 전공의

현) 창원경상국립대학교병원 임상강사"	대한안과학회 정회원	
경상국립대학교	창원경상국립대학교병원	이비인후과	김진평	창원경상국립대학교병원 이비인후과 김진평.jpg	교수	갑상선암, 후두암, 설암, 편도선암, 침샘암, 음성장애, 목질환, 편도아데노이드비대, 경부종물	"[학력] 경상대학교 의대 졸업
[학력] 경상대학교 의학박사"	"[경력] 경상대학교병원 전공의 수료
[경력] 군의관(육군대위)
[경력] 경상대학교병원 임상교수
[경력] 경상대학교 의과대학 조교수
[경력] 경상대학교 의과대학 부교수
[경력] 경상대학교 의과대학 교수
[경력] 경상대학교병원 이비인후과 과장
[경력] 대한갑상선두경부외과학회 재무이사
[경력] 경상대학교 의학전문대학원 입학관리실장
[경력] 경상대학교병원 암센터 진료부장
[경력] 경상대학교병원 의료질향상팀장
[경력] 대한후두음성언어의학회 기획이사
[경력] 대한기관식도학회
[경력] 대한이비인후과학회 재무이사

현) 창원경상국립대학교병원 이비인후과 교수
"	"대한이비인후과학회 정회원
대한갑상선두경부외과학회 정회원
대한두경부종양학회 정회원
대한후두성언어의학회 정회원
대한기관식도학회 정회원
대한갑상선학회 정회원
International Federation of Head &Neck Oncologic Societies (IFHNOS) 정회원"	"[수상] 경상대학교병원 공로표창(2001년)
[수상] 의학박사취득(2002년)
[수상] 대한이비인후과학회 석당 우수논문상 수상(2003년)
[수상] 대한두경부외과학회 감사패(2003년)
[수상] 미국 아이오와 의대 연수(2004년07월~2006년01월)
[수상] 대한두경부외과학회 감사패(2007년)"
경상국립대학교	창원경상국립대학교병원	이비인후과	허동구	창원경상국립대학교병원 이비인후과 허동구.jpg	기금교수	중이질환, 난청, 이명, 어지럼, 외이질환, 안면신경질환, 이개변형, 내이질환, 청신경 종양, 측두골 종양	"[학력] 서울대학교 의대 졸업
[학력] 서울대학교 의학박사"	"[경력] 서울대학교병원 전공의 수료
[경력] 서울대학교병원 임상강사 수료
[경력] 미국 피츠버그대학병원 연수
[경력] 미국 캘리포니아대학,샌디에고 연수
[경력] 경상대학교 의학전문대학원 이비인후과학교실

현) 창원경상국립대학교병원 이비인후과 기금교수"	"대한이비인후과학회 정회원
대학이과학회 정회원
대한청각학회 정회원
대한평형의학회 정회원"	
경상국립대학교	창원경상국립대학교병원	이비인후과	주연희	창원경상국립대학교병원 이비인후과 주연희.jpg	조교수	비부비동염, 알레르기비염, 코성형, 후각장애, 비부비동종양, 비중격질환, 내시경두개저수술	"[학력] 경상대학교 의대 졸업
[학력] 경상대학교 의학박사"	"[경력] 경상대학교병원 인턴, 레지던트
[경력] 경상대학교병원 이비인후과 비과 임상강사
[경력] 서울아산병원 이비인후과 비과 임상강사
[경력] University of Pittsburgh Medical Center, USA 단기연수
[경력] Endoscopic endonasal surgery of the cranial base and pituitary fossa course, UPMC, Pennsylvania 수료

현) 창원경상국립대학교병원 이비인후과 조교수"	"대한이비인후과학회 정회원
대한비과학회 정회원
대한안면성형재건학회 정회원"	
경상국립대학교	창원경상국립대학교병원	이비인후과	원성준	창원경상국립대학교병원 이비인후과 원성준.jpg	임상조교수	갑상선암, 후두암, 설암, 편도선암, 침샘암, 음성장애, 목질환, 편도 아데노이드 비대, 두경부 로봇수술, 갑상선(성인, 소아)		"[경력] 경상대학교병원 인턴
[경력] 경상대학교병원 이비인후과 레지던트
[경력] 경상대학교병원 이비인후과 전임의
[경력] 삼성서울병원 이비인후과 임상강사
[경력] 경상대학교병원 이비인후과 임상조교수

현) 창원경상국립대학교병원 이비인후과 임상조교수"	"대한이비인후과학회 정회원
대한갑상선두경부외과학회 정회원
대한후두음성언어의학회 정회원"	
경상국립대학교	창원경상국립대학교병원	이비인후과	송슬기	창원경상국립대학교병원 이비인후과 송슬기.jpg	임상교수	두경부암, 갑상선암, 침샘질환, 경부종물, 음성질환, 편도 아데노이드 비대, 음성치료 및 성대주입술, 인후두질환 및 종양, 후두암, 구강암, 편도암, 하인두암, 두경부로봇수술	"[학력] 충북대학교 의대 졸업
[학력] 서울대학교 의학 석사
[학력] 서울대학교 의학 박사 수료"	"[경력] 서울대학교병원 전공의 수련
[경력] 서울대학교병원 이비인후과 임상강사
[경력] 창원경상대학교병원 이비인후과 임상강사

현) 창원경상국립대학교병원 이비인후과 임상교수"	"대한이비인후과학회 정회원
대한갑상선두경부외과학회 정회원"	
경상국립대학교	창원경상국립대학교병원	이비인후과	이정우	창원경상국립대학교병원 이비인후과 이정우.jpg	임상조교수	중이질환, 난청, 이명, 어지럼, 외이질환, 안면신경질환, 이개변형, 내이질환, 청신경 종양, 측두골 종양	[학력] 부산대학교 의학전문대학원 의학과 졸업	"[경력] 부산대학교병원 전공의
[경력] 부산대학교병원 전임의
[경력] 부산대학교병원 진료교수

[경력] 현) 창원경상국립대학교병원 임상조교수"	"대한이비인후과학회 정회원
대학이과학회 정회원
대한청각학회 정회원
대한평형의학회 정회원"	
경상국립대학교	창원경상국립대학교병원	피부과	정의창	창원경상국립대학교병원 피부과 정의창.jpg	조교수	피부암, 수포성질환(천포창), 결합조직질환(루푸스,피부근염, 피부경화증)	"[학력] 서울대학교 의대 졸업
[학력] 울산대학교 의학박사"	"[경력] 서울아산병원 피부과 전공의
[경력] 가천의과대학 길병원 피부과 임상강사
[경력] 을지대학교 피부과 조교수
[경력] University of Califorina, San Francisco Research Associate

현) 창원경상국립대학교병원 피부과 조교수"	"대한피부과학회
대한피부병리학회"	
경상국립대학교	창원경상국립대학교병원	피부과	문윤선	창원경상국립대학교병원 피부과 문윤선.jpg	임상교수	건선, 아토피, 백반증, 두드러기, 습진, 피부암	[학력] 경상대학교 의학석사	"[경력] 경상대학교병원 전공의 수료
창원경상대학교병원 피부과 임상강사

현) 창원경상국립대학교병원 피부과 임상교수"	"대한피부과학회 정회원
대한피부과의사회 정회원
대한아토피학회
대한건선학회
대한백반증학회
대한접촉피부염 및 피부알레르기학회"	
경상국립대학교	창원경상국립대학교병원	비뇨의학과	이상은	창원경상국립대학교병원 비뇨의학과 이상은.jpg	초빙교수	비뇨기종양, 전립선질환, 복강경수술, 로봇수술	"[학력] 서울대학교 의대 졸업
[학력] 서울대학교 의학박사"	"[경력] 분당서울대학교병원 비뇨의학과 과장
[경력] 서울대학교 의과대학 석좌교수
[경력] 서울의대 비뇨의학과 주임교수/ 과장
[경력] 국군수도통합병원 비뇨의학과장
[경력] 일본 자혜 의과대학 방문교수
[경력] 미국 USC 의과대학 방문교수
[경력] 오스트리아 인스브룩 의과대학 방문교수

현) 창원경상국립대학교병원 비뇨기과 초빙교수"		
경상국립대학교	창원경상국립대학교병원	비뇨의학과	정기현	창원경상국립대학교병원 비뇨의학과 정기현.jpg	교수	비뇨기종양, 소아비뇨기, 일반비뇨기 질환	"[학력] 서울대학교 의대 졸업
[학력] 서울대학교 의학박사"	"[경력] 서울대학교병원 전공의 수료
[경력] 경상대학교 의학전문대학원 비뇨기과 교수
[경력] 경상대학교병원 기획조정실장
[경력] 경상대학교병원 진료처장
[경력] 경상남도 마산의료원장
[경력] 창원경상대학교병원 개원준비단장
[경력] 제1대 창원경상대학교병원장

현) 창원경상국립대학교병원 비뇨기과 교수"	"대한비뇨의학회
대한비뇨기종양학회
대한소아비뇨의학회"	
경상국립대학교	창원경상국립대학교병원	비뇨의학과	감성철	창원경상국립대학교병원 비뇨의학과 감성철.jpg	교수	비뇨기종양(로봇수술), 전립선질환(전립선비대수술), 배뇨장애, 여성비뇨기, 남성의학	"[학력] 경상대학교 의대 졸업
[학력] 경상대학교 의학박사"	"[경력] 경상대학교병원 비뇨의학과 전공의 수료
[경력] 경상대학교병원 비뇨의학과 임상 강사
[경력] 서울삼성병원 비뇨의학과 임상 강사
[경력] 경상대학교병원 비뇨의학과 임상 강사
[경력] 경상대학교병원 비뇨의학과 임상조교수
[경력] 경상대학교병원 비뇨의학과 기금조교수
[경력] 경상대학교병원 비뇨의학과 기금부교수
[경력] 창원경상국립대학교병원 비뇨의학과 부교수

현) 창원경상국립대학교병원 비뇨의학과 교수
현) 대한남성과학회 이사"	"대한남성과학회 상임이사
대한노인요양비뇨의학회 대사분과 학술지원 위원장
대한배뇨장애요실금학회 실무자위원회 간사
대한비뇨기종양학회 이사 및 법제위원
대한비뇨기과학회 간행위원
The World Journal of Men’s Health 부편집장
국제성학회 정회원
아시아태평양 성의학회 정회원
미국비뇨기과학회 정회원
북미남성과학회 정회원"	
경상국립대학교	창원경상국립대학교병원	비뇨의학과	이천우	창원경상국립대학교병원 비뇨의학과 이천우.jpg		비뇨기종양(로봇수술), 전립선질환, 내비뇨기, 일반비뇨기질환	"[학력] 충남대학교 의대 졸업
[학력] 울산대학교 의학박사"	"[경력] 서울아산병원 비뇨의학과과 전공의
[경력] 서울아산병원 비뇨의학과과 임상강사
[경력] Urologic Laparoscopic Workshop 과정 수료
[경력] Certificate of Fellowship training - Asan fellowship Training program in the role of a robotic surgeon using the da vinci Surgical system
[경력] 창원경상대학교병원 비뇨의학과 조교수

현) 창원경상국립대학교병원 비뇨의학과 임상교수


"	"대한비뇨의학회 정회원
대한전립선학회 정회원
대한비뇨내시경로봇학회 이사
대한요로생식기감염학회 위원
요로생식기손상재건연구회 위원"	[수상] 서울아산병원 병원장 표창장(국제학술지 우수 논문)
경상국립대학교	창원경상국립대학교병원	치과 (구강악안면외과)	이나영	창원경상국립대학교병원 치과 이나영.jpg	촉탁의	근관치료, 의치보철, 임플란트 보철, 보존치료, 치주치료	"[학력] 부산대학교 치의학과 졸업
[학력] 한양대학교 의학대학원 치의학전공 석사"	"[경력] 한양대학교서울병원 치과보철과 전공의

현) 창원경상국립대학교병원 촉탁의"	대한치과보철학회	
경상국립대학교	창원경상국립대학교병원	치과 (구강악안면외과)	최청림	창원경상국립대학교병원 치과 최청림.jpg	촉탁의	심미수복 및 보철, 치주치료, 신경(근관)치료, 발치, 임플란트, 턱관절 질환, 사랑니 발치	[학력] 경희대학교 치의학전문대학원 의학석사	"[경력] 공중보건의사
[경력] 보건복지부 인증 통합치의학과 전문의

현)창원경상국립대학교병원 치과 촉탁의"	대한 통합치과학회	
경상국립대학교	창원경상국립대학교병원	치과 (구강악안면외과)	김윤호	창원경상국립대학교병원 치과 김윤호.jpg	촉탁의	구강악안면외과	"[학력] 강릉원주대학교 치의학과 졸업
[학력] 부산대학교 치과대학원 석사
[학력] 부산대학교 치과대학원 박사 수료"	"[경력] 부산대학교치과병원 구강악안면외과 전공의
[경력] 국군부산병원 구강외과장
[경력] 좋은강안병원 주임과장
[경력] 세계로치과병원 원장
[경력] 부산대학교 치과대학/치의학전문대학원 외래교수

현) 창원경상국립대학교병원 촉탁의"	"대한구강악안면외과학회 정회원
대한악안면성형재건외과학회 정회원"	
경상국립대학교	창원경상국립대학교병원	재활의학과	오민균	창원경상국립대학교병원 재활의학과 오민균.jpg	교수	연하장애,뇌신경재활,노인재활	"[학력] 경상대학교 의과대학 졸업
[학력] 경상대학교 의학박사"	"[경력] 경상대학교병원 재활의학과 전공의
[경력] 분당서울대학교병원 재활의학과 임상강사
[경력] 경상대학교병원 재활의학과 임상조교수
[경력] 경상대학교 의과대학 재활의학교실 조교수
[경력] 경상대학교 의과대학 재활의학교실 부교수
[경력] 경상대학교 의과대학 재활의학교실 교수

현) 창원경상국립대학교병원 재활의학과 교수"	"대한재활의학회 편집위원
대한재활의학회 법제위원
대한뇌신경재활학회 이사
대한노인재활의학회 편집위원
대한연하장애학회 간행위원"	
경상국립대학교	창원경상국립대학교병원	재활의학과	이창한	창원경상국립대학교병원 재활의학과 이창한.jpg	기금교수	어깨질환 (회전근개 손상, 석회성건염, 오십견), 척추질환, 요통, 경부통, 손목터널증후군, 족저근막염, 청소년 성인 족부질환(초등학생부터 가능), 림프부종, 척추추간판탈출증, 척수손상재활, 스포츠재활, 절단 후 재활, 의지 및 보조기, 척추 측만증		"[경력] 경상대학교병원 인턴수료
[경력] 경상대학교병원 재활의학과 레지던트 수료
[경력] 부산 메드윌병원 재활의학과 과장 및 스포츠의학센터장
[경력] 서울의대 재활의학교실 서울보라매병원 임상강사
[경력] 부산 메리놀병원 재활의학과 과장
[경력] 미국 스탠포드 대학교 방문교수 (2019~2020)
[경력] 경상대학교병원 임상조교수 (2017~2020)
[경력] 경상대학교병원 임상부교수 (2021.03~2021.08)
[경력] 경상대학교 의과대학 재활의학교실 기금조교수 (2021.09 ~ 현)

근골격계 초음파 검사 인증 (한국근골격초음파 연구회 2011년, 대한신경근골격초음파학 인증의 2013년)

현) 창원경상국립대학교병원 기금교수"	"대한재활의학회 정회원
대한재활의학회 법제윤리위원회 위원
대한노인재활의학회 법제위원회 간사
대한림프부종학회 정책기획위원회 위원
대한재활의학회 부울경지회 총무
대한근전도전기진단의학회 정회원
대한임상통증학회 정회원
대한신경근골격초음파학회 평생회원
한국근골격초음파연구회 정회원
대한스포츠의학회 평생회원
대한노인병학회 정회원

"	"[수상] 제35회 대한재활의학회 추계학술대회 우수포스터 논문상 수상
[수상] 대한근감소증학회 제7차 학술대회 최우수연제상 수상
[수상] 2019년 대한 근전도 전기진단의학회 춘계학술대회 우수논문상 수상
[수상] 2022년 대한재활의학회지 (ARM) 최우수 심사위원상 수상"
경상국립대학교	창원경상국립대학교병원	재활의학과	장윤정	창원경상국립대학교병원 재활의학과 장윤정.jpg	촉탁의	연하장애, 뇌신경 재활, 척수 손상 재활, 심장 및 호흡재활	[학력] 경상대학교 의학전문대학원 의학석사	"[경력] 경상대학교병원 인턴
[경력] 경상대학교병원 재활의학과 전공의
[경력] 창원경상국립대학교병원 재활의학과 임상강사

현) 창원경상국립대학교병원 재활의학과 촉탁의"	대한재활의학회	
경상국립대학교	창원경상국립대학교병원	재활의학과	김창우	창원경상국립대학교병원 재활의학과 김창우.jpg	촉탁의	오십견,어깨질환,손목터널증후군,근막통증증후군,근골격계질환, 뇌신경 재활, 척수 손상 재활, 말초 신경질환, 심장 및 호흡 재활, 안면재활	"[학력] 조선대학교 의학전문대학원 졸업
[학력] 부산대학교 의학대학원 재활의학과 박사 수료"	"[경력] 삼성창원병원 전공의
[경력] 삼성서울병원 임상강사

현) 창원경상국립대학교병원 촉탁의"	"대한재활의학회
대한임상통증학회
대한심장호흡재활의학회
대한척수학회
대한소아재활발달의학회
대한의지,보조기학회
신경근육질환연구회"	
경상국립대학교	창원경상국립대학교병원	영상의학과	배경수	창원경상국립대학교병원 영상의학과 배경수.jpg	교수 	복부영상의학, 인터벤션영상의학 (간암의 비수술적 치료)	"[학력] 경북대학교 의대 졸업
[학력] 경북대학교 의학박사"	"[경력] 경북대학교 병원 영상의학과 전공의
[경력] 국군논산병원 영상의학과 과장 (군의관)
[경력] 경북대학교 병원 영상의학과 전임의
[경력] 경북대학교 병원 영상의학과 임상교수
[경력] 경상대학교 병원 영상의학과 교수
[경력] 미국 피츠버그 대학 병원 교환교수

현) 창원 경상국립대학교병원 영상의학과 교수 (과장)"	"대한영상의학회
대한복부영상의학회
대한초음파의학회
대한 자기공명영상의학회
북미방사선의학회
유럽방사선의학회"	
경상국립대학교	창원경상국립대학교병원	영상의학과	전경녀	창원경상국립대학교병원 영상의학과 전경녀.jpg	교수	흉부영상의학,심장혈관영상의학	"[학력] 경북대학교 의대 졸업
[학력] 경북대학교 의학박사"	"[경력] 경북대학교 병원 영상의학과 전공의
[경력] 대구의료원 영상의학과 과장
[경력] 경북대학교 병원 영상의학과 전임의
[경력] 경북대학교 병원 영상의학과 임상교수
[경력] 경상대학교 병원 영상의학과 교수
[경력] 미국 피츠버그 대학 병원 교환교수

현) 창원경상국립대학교병원 영상의학과 교수"	"대한 영상의학회
대한 흉부영상의학회
대한 심장혈관 영상의학회
유럽 흉부 영상의학회
북미방사선의학회
아시아 심장혈관 영상의학회"	
경상국립대학교	창원경상국립대학교병원	영상의학과	백혜진	창원경상국립대학교병원 영상의학과 백혜진.jpg	교수	신경두경부영상의학	"[학력] 인제대학교 의대졸업
[학력] 인제대학교 의학석사
[학력] 고신대학교 의학박사"	"[경력] 인제대학교 부산백병원 인턴 수료
[경력] 인제대학교 부산백병원 영상의학과 전공의 수료
[경력] 울산대학교 서울아산병원 영상의학과 신경두경부 임상강사
[경력] 인제대학교 해운대백병원 전임강사
[경력] 인제대학교 해운대백병원 조교수
[경력] 경상대학교 창원경상대학교병원 조교수, 부교수

현) 창원경상국립대학교병원 영상의학과 교수
"	"대한영상의학회
대한신경두경부영상의학회
대한갑상선영상의학회
북미영상의학회
뇌기능연구회"	"[수상] 대한초음파의학회 전시 동상
[수상] AOCHNR Young Investigator Award
[수상] 대한영상의학회 해외논문 우수상
[수상] American Roentgen Ray Society Magna Cum Laude
[수상] 경남의사회 학술상"
경상국립대학교	창원경상국립대학교병원	영상의학과	박성언	창원경상국립대학교병원 영상의학과 박성언.jpg	조교수	간암화학색전술, 혈관내중재적시술, 비혈관적 중재적시술	"[학력] 경상대학교 의대 졸업
[학력] 경상대학교 의학석사
[학력] 경상대학교 의학박사"	"[경력] 경상대학교병원 영상의학과 전공의
[경력] 경상대학교병원 영상의학과 임상강사
[경력] 해양의료원 영상의학과 과장 및 진료부장
[경력] 창원경상대학교병원 영상의학과 진료교수

현) 창원경상국립대학교병원 영상의학과 조교수"	"대한영상의학회 정회원
대한인터벤션영상의학회 정회원
Cardiovascular and Interventional Radiological Society of Europe (CIRSE) 정회원
대한간암학회 정회원
Asia-Pacific Society of Cardio-Vascular Interventional Radiology (APSCVIR) 정회원"	
경상국립대학교	창원경상국립대학교병원	영상의학과	문진일	창원경상국립대학교병원 영상의학과 문진일.jpg	조교수	근골격 영상의학	"[학력] 부산대학교 의대 졸업
[학력] 부산대학교 의학석사"	"[경력] 부산대학교병원 인턴 수료
[경력] 부산대학교병원 영상의학과 전공의 수료
[경력] 부산대학교 영상의학과 전임의사
[경력] 창원경상대학교병원 영상의학과 진료교수

현) 창원경상국립대학교병원 영상의학과 조교수"	"대한영상의학회
대한근골격영상의학회
대한초음파의학회
북미영상의학회
미국방사선학회"	
경상국립대학교	창원경상국립대학교병원	영상의학과	조은	창원경상국립대학교병원 영상의학과 조은.jpg	기금조교수	유방 영상의학	"[학력]동아대학교 의대 졸업
[학력]동아대학교 의학석사
[학력]동아대학교 의학박사"	"[경력]동아대학교병원 영상의학과 전공의
[경력]연세의대 세브란스병원 영상의학과 강사
[경력]동아대학교병원 영상의학과 임상의사
[경력]동아대학교병원 영상의학과 임상특임조교수
[경력]창원경상국립대학교병원 영상의학과 임상조교수

현)창원경상국립대학교병원 영상의학과 기금조교수"	"대한영상의학회
대한유방영상의학회
대한유방검진의학회
대한초음파의학회
대한자기공명의과학회
북민영상의학회"	
경상국립대학교	창원경상국립대학교병원	영상의학과	원정호	창원경상국립대학교병원 영상의학과 원정호.jpg	임상강사	인터벤션	[학력] 경상대학교 의학 석사	"[경력] 경상대학교병원 영상의학과 전공의
[경력] 경상대학교병원 영상의학과 인턴
[경력] 경상대학교병원 영상의학과 전공의
[경력] 경상대학교병원 영상의학과 전임의

현) 창원경상국립대학교병원 영상의학과 임상강사"	"대한영상의학회 정회원
대한인터벤션영상의학회 정회원
Cardiovascular and Interventional Radiological Society of Europe (CIRSE) 정회원
대한간암학회 정회원
Asia-Pacific Society of Cardio-Vascular Interventional Radiology (APSCVIR) 정회원"	
경상국립대학교	창원경상국립대학교병원	영상의학과	조사홍	창원경상국립대학교병원 영상의학과 조사홍.jpg	진료전담조교수	간암화학색전술, 혈관내중재적시술, 비혈관적 중재적시술	[학력] 경상대학교의학전문대학원 의학과 졸업	"[경력] 경상국립대학교병원 전공의
[경력] 경상국립대학교병원 전임의

현) 창원경상국립대학교병원 진료전담조교수"	"대한영상의학회 정회원
대한인터벤션영상의학회 정회원"	
경상국립대학교	창원경상국립대학교병원	영상의학과	하지영	창원경상국립대학교병원 영상의학과 하지영.jpg	조교수	소아 영상의학	"[학력] 경상대학교 의학전문대학원 졸업
[학력] 경상대학교 의학박사"	"[경력] 경상대학교병원 인턴수료
[경력] 경상대학교병원 영상의학과 전공의 수료
[경력] 서울대학교어린이병원 소아영상의학 임상강사
[경력] 창원경상대학교병원 소아영상의학 임상강사
[경력] 창원경상대학교병원 영상의학과 조교수"	"대한영상의학회
대한소아영상의학회
대한비뇨생식기영상의학회
대한초음파학회
대한자기공명의과학회
북미영상의학회

"	
경상국립대학교	창원경상국립대학교병원	영상의학과	문행진	창원경상국립대학교병원 영상의학과 문행진.jpg	촉탁의	복부, 경부 초음파	[학력] 경상대학교병원 의대 졸업	"[경력] 경상대학교병원 영상의학과 전공의
[경력] 창원한마음병원 영상의학과 과장
[경력] 창원파티마병원 건강증진센터 과장

현) 창원경상국립대학교병원 영상의학과 촉탁의"	대한영상의학회	
경상국립대학교	창원경상국립대학교병원	방사선종양학과	강기문	창원경상국립대학교병원 방사선종양학과 강기문.jpg	교수	유방암, 두경부암, 소화기암, 전립선암	[학력] 가톨릭대학교 의학박사	"[경력] 가톨릭대 성모병원 인턴, 레지던트 수료
[경력] Swedish Medical Center, Seattle 연수
[경력] 경상대 조교수, 부교수, 교수
[경력] 경상대병원 방사선종양학과장
[경력] 경상대병원 사이버나이프센터장
[경력] 경상대병원 의생명연구원장
[경력] 대한방사선종양학회 고시위원
[경력] 대한방사선수술학회 이사
[경력] 대한방사선종양학회 감사, 이사, 부회장
[경력] 대한방사선종양학회 부산 ·울산 ·경남 회장

현) 창원경상국립대학교병원 방사선종양학과 교수"	"미국임상암학회 정회원
미국방사선종양학회 정회원
유럽방사선종양학회 정회원
대한암학회 평생회원
대한방사선종양학회 정회원
대한혈액학회 정회원
한국유방암학회 정회원
대한폐암학회 정회원"	
경상국립대학교	창원경상국립대학교병원	방사선종양학과	최훈식	창원경상국립대학교병원 방사선종양학과 최훈식.jpg	임상부교수	폐암, 뇌종양, 식도암, 부인과종양, 간암, 방사선수술, 양성종양	[학력] 경상대학교 의학박사	"[경력] 경상대학교병원 방사선종양학과 전공의 수료
[경력] 창원경상대학교병원 방사선종양학과 임상 강사
[경력] 대한방사선종양학회 부산.울산.경남 총무
[경력] 대한방사선종양학회 학술 위원
[경력] 창원경상국립대학교병원 임상조교수


현) 창원경상국립대학교병원 방사선종양학과 임상부교수
현) 대한방사선종양학회 보험 위원"	"대한방사선종양학회 정회원
대한부인종양학회 정회원
대한폐암학회 정회원
한국호스피스 완화의료학회 정회원"	"[수상] 젊은 개척 연구자상 수상
[수상] 대한방사선종양학회 전시상 수상"
경상국립대학교	창원경상국립대학교병원	마취통증의학과	이헌근	창원경상국립대학교병원 마취통증의학과 이헌근.jpg	겸직교수	말기암성통증, 신경병인성 통증, 급만성요통, 하지통증, 급만성어깨통증, 목통증, 대상포진	[학력] 서울대학교 의과대학 박사	"[경력] 서울대학병원 전공의
[경력] 일본 구마모토대학병원 연수
[경력] 미국 Mayo clinic 통증센터 연수(1997년)

현) 창원경상국립대학교병원 마취통증의학과 겸직교수"		
경상국립대학교	창원경상국립대학교병원	마취통증의학과	옥성호	창원경상국립대학교병원 마취통증의학과 옥성호.jpg	교수	심폐마취, 장기이식 마취, 소아마취, 중환자	"[학력] 경상대학교 의대 졸업
[학력] 경상대학교 의학박사"	"[경력] 경상대학교병원 전공의 수료(마취통증의학)
[경력] 제일병원 마취통증의학과 과장
[경력] 경상대학교병원 마취통증의학 임상강사

현) 창원경상국립대학교병원 마취통증의학과 교수"	"대한마취과학회
대한통증학회
대한중환자학회"	
경상국립대학교	창원경상국립대학교병원	마취통증의학과	이수희	창원경상국립대학교병원 마취통증의학과 이수희.jpg	임상부교수	산과 마취, 노인 마취, 이식 마취	"[학력] 경상대학교 의대 졸업
[학력] 경상대학교 의학석사
[학력] 경상대학교 의학박사"	"[경력] 경상대학교병원 전공의
[경력] 삼성서울병원 임상강사
[경력] 경상대학교병원 임상조교수
[경력] 경상대학교병원 임상부교수

현) 창원경상국립대학교병원 마취통증의학과 임상부교수

<수상내역>
동숭학술재단 - 동숭 학술논문상 수상(2019.11.30.)"	"대한마취통증의학회
대한중환자의학회
대한통증학회
대한뇌신경마취학회
대한심폐혈관마취학회
대한노인마취학회
대한소아마취학회
대한이식마취학회
대한부위마취학회"	
경상국립대학교	창원경상국립대학교병원	마취통증의학과	박미영	창원경상국립대학교병원 마취통증의학과 박미영.jpg	조교수	급만성요통, 하지통증, 급만성어깨통증, 목통증, 대상포진	"[학력] 경상대학교 의대 졸업
[학력] 경상대학교 의학박사"	"[경력] 경상대학교병원 마취통증의학과 전공의
[경력] 진주 바른병원 마취통증의학과 과장
[경력] 진주 미소통증의학과의원
[경력] 진주 세란병원 마취통증의학과 과장

[경력] 창원경상대학교병원 마취통증의학과 임상강사
[경력] 창원경상대학교병원 마취통증의학과 진료교수
[경력] 창원경상대학교병원 마취통증의학과 임상교수

현) 창원경상국립대학교병원 마취통증의학과 조교수"	"대한마취통증의학과
대한심폐혈관마취학회
대한중환자의학회
한국심초음파학회
대한외래마취연구회"	
경상국립대학교	창원경상국립대학교병원	마취통증의학과	유호경	창원경상국립대학교병원 마취통증의학과 유호경.jpg	임상조교수	말기암성통증, 신경병인성 통증, 급만성요통, 하지통증, 급만성어깨통증, 목통증, 대상포진	"[학력] 가톨릭의과대학교 의대졸업
[학력] 경상대학교 의학석사"	"[경력] 서울성모병원 수련의
[경력] 순천향대학교병원 전공의
[경력] 제주중앙병원 마취과 과장
[경력] 창원경상대학교병원 마취통증의학과 임상강사
[경력] 창원경상국립대학교병원 마취통증의학과 진료교수

현) 창원경상국립대학교병원 마취통증의학과 임상조교수"	"대한마취통증의학회
대한통증학회
대한중환자의학회
대한뇌신경마취학회
대한심폐혈관마취학회
대한노인마취학회
대한소아마취학회
대한부위마취학회"	
경상국립대학교	창원경상국립대학교병원	마취통증의학과	오소라	창원경상국립대학교병원 마취통증의학과 오소라.jpg	촉탁의	수술중마취, 수술후 회복 및 통증관리	[학력] 인하대학교 의학석사	"[경력] 인하대학교병원 전공의 수료

현) 창원경상국립대학교병원 마취통증의학과 촉탁의"		
경상국립대학교	창원경상국립대학교병원	마취통증의학과	김병삼	창원경상국립대학교병원 마취통증의학과 김병삼.jpg	촉탁의	일반마취	[학력] 가톨릭대학교 의과대학 졸업	"[경력] 가톨릭의대 강남성모병원 마취통증의학과 전공의 수료
[경력] 가톨릭의대 강남성모병원 마취통증의학과 전임강사
[경력] 가톨릭의대 서울성모병원 마취통증의학과 임상조교수
[경력] 제주한라병원 마취통증의학과 과장

현) 창원경상국립대학교병원 마취통증의학과 촉탁의"	"대한마취통증의학회
대한통증학회
대한심폐혈관마취학회
대한노인마취통증학회"	
경상국립대학교	창원경상국립대학교병원	마취통증의학과	한상미	창원경상국립대학교병원 마취통증의학과 한상미.jpg	촉탁의	일반마취	"[학력] 고신대학교 의학과 졸업
[학력] 고신대학교 의학대학원 석사"	"[경력] 고신의료원 전공의
[경력] 좌천봉생병원 마취과장
[경력] 세계로병원 마취과장
[경력] 유바외과 마취과장

현) 창원경상국립대학교병원 마취통증의학과 촉탁의"	대한마취과학회 정회원	
경상국립대학교	창원경상국립대학교병원	마취통증의학과	이나경	창원경상국립대학교병원 마취통증의학과 이나경.jpg	촉탁의	수술중마취, 수술후 회복 및 통증관리	[학력] 인제대학교 의학과 졸업	"[경력] 인제대학교 해운대백병원 전공의

현) 창원경상국립대학교병원 촉탁의"	대한마취통증의학회	
경상국립대학교	창원경상국립대학교병원	마취통증의학과	배지수	창원경상국립대학교병원 마취통증의학과 배지수.jpg		수술중 마취, 수술후 회복 및 통증관리	"[학력] 계명대학교 의학과 졸업
[학력] 부산대학교 대학원 석사"	"[경력] 삼성창원병원 전공의
[경력] UNMISS(UN Mission in South Sudan)
[경력] 육군군수사령부 군의장교"	"대한마취통증의학회
대한통증학회"	
경상국립대학교	창원경상국립대학교병원	마취통증의학과	강세빈	창원경상국립대학교병원 마취통증의학과 강세빈.jpg	촉탁의	수술중 마취, 수술후 회복 및 통증관리	"[학력] 이화여자대학교 환경학과 졸업
[학력] 경상대학교 의학전문대학원 석사"	"[경력] 경상대학교병원 전공의
[경력] 경상대학교병원 임상강사
[경력] 진주 본병원 원장
[경력] 바로마디병원 원장

현) 창원경상국립대학교병원 마취통증의학과 촉탁의"	"대한마취통증의학회
노인마취학회
소아마취학회
심폐마취학회"	
경상국립대학교	창원경상국립대학교병원	진단검사의학과	김선주	창원경상국립대학교병원 진단검사의학과 김선주.jpg	교수	임상미생물학, 면역학	"[학력] 서울대학교 의대 졸업
[학력] 서울대학교 의학박사"	"[경력] 서울대학교병원 전공의
[경력] 경상대학교병원 진단검사의학과 교수

현) 창원경상국립대학교병원 진단검사의학과 교수"	"대한진단검사의학회 이사
대한임상검사정도관리협회 정회원
대한감염학회 정회원
대한임상미생물학회 이사"	
경상국립대학교	창원경상국립대학교병원	진단검사의학과	이승준	창원경상국립대학교병원 진단검사의학과 이승준.jpg	기금조교수	임상화학, 진단혈액, 분자진단, 수혈의학	"[학력] 서울대학교 의과대학 졸업
[학력] 서울대학교 의학석사 졸업
[학력] 서울대학교 의학박사 과정"	"[경력] 서울대학교병원 전공의 수료
[경력] 서울대학교병원 진단검사의학과 임상강사
[경력] 강북삼성병원 진단검사의학과 임상강사
[경력] 창원경상대학교병원 진단검사의학과 진료교수
[경력] 창원경상국립대학교병원 진단검사의학과 임상교수

현) 창원경상국립대학교병원 진단검사의학과 기금조교수"	"대한진단검사의학회
대한유전분자진단학회
대한임상화학회"	
경상국립대학교	창원경상국립대학교병원	진단검사의학과	이동현	창원경상국립대학교병원 진단검사의학과 이동현.jpg	임상 조교수		"[학력] 경상대학교 의학과 졸업
[학력] 경상대학교 의학대학원 석사 졸업
[학력] 울산대학교 의학대학원 박사 수료"	"[경력] 경상대병원 진단검사의학과 전공의
[경력] 서울아산병원 진단검사의학과 임상강사
[경력] 경상대학교병원 진단검사의학과 진료교수

현) 창원경상국립대학교병원 진단검사의학과 임상 조교수"	"대한진단검사의학회
대한혈액학회
대한수혈학회"	
경상국립대학교	창원경상국립대학교병원	병리과	송대현	창원경상국립대학교병원 병리과 송대현.jpg	부교수	폐병리, 간담췌병리	"[학력] 경상대학교 의대 졸업
[학력] 경상대학교 의학박사"	"[경력] 서울삼성병원 병리과 임상강사
[경력] 경상대학교병원 병리과 임상강사
[경력] 경상대학교병원 임상교수
[경력] 창원경상대학교병원 병리과 조교수

현) 창원경상국립대학교병원 병리과 부교수
"	"대한병리학회 정회원
대한세포병리학회 정회원"	"[수상] 경상대학교 대학원장 수여, 젊은 개척연구자상 수상
[수상] 대한병리학회 학술상 우수상 수상
[수상] 대한세포병리학회 학술상 우수상 수상"
경상국립대학교	창원경상국립대학교병원	병리과	안효정	창원경상국립대학교병원 병리과 안효정.jpg	조교수	신장병리, 피부병리, 골연부병리, 유방병리	"[학력] 인제대학교 의대 졸업
[학력] 인제대학교 의학석사"	"[경력] 부산백병원 병리과 전공의
[경력] 부산백병원 병리과 임상강사
[경력] 2015년 미국 뉴욕 컬럼비아 대학병원 신장병리 단기 연수
[경력] 2016년 네덜란드 레이던 대학병원 골연부병리 단기 연수
[경력] 창원경상대학교병원 병리과 진료교수

현) 창원경상국립대학교병원 병리과 조교수"	"대한병리학회 정회원
대한세포병리학회 정회원"	
경상국립대학교	창원경상국립대학교병원	병리과	고경혁	창원경상국립대학교병원 병리과 고경혁.jpg	교수	소화과 병리	"[학력] 서울대학교 의대 졸업
[학력] 서울대학교 의학 석박사"	"[경력] 서울대학교병원 병리과 전공의
[경력] 경상대학교병원 의과대학 의학과 교수

현) 창원경상국립대학교병원 병리과 교수"	"대한병리학회
대한세포병리학회"	
경상국립대학교	창원경상국립대학교병원	핵의학과	윤석호	창원경상국립대학교병원 핵의학과 윤석호.jpg	조교수	종양핵의학, 신경계핵의학, 심장핵의학, 동위원소치료, 분자영상	"[학력] 부산대학교 의대 졸업
[학력] 아주대학교 의학박사"	"[경력] 아주대학교병원 핵의학과 전공의 수료
[경력] 서울아산병원 핵의학과 임상강사

현) 창원경상국립대학교병원 핵의학과 조교수"	"대한핵의학회 정회원
분자영상학회"	
경상국립대학교	창원경상국립대학교병원	응급의학과	김소연	창원경상국립대학교병원 응급의학과 김소연.jpg	촉탁의	응급의학	[학력] 경상대학교 의학전문대학원 의학석사	"[경력] 경상대학교병원 전공의
[경력] 서울대학교병원 소아응급 임상강사
[경력] 고려대학교 안암병원 임상초빙교수

현) 창원경상국립대학교병원 응급의학과 촉탁의"	"대한응급의학회
대한소아응급의학회"	
경상국립대학교	창원경상국립대학교병원	응급의학과	배수진	창원경상국립대학교병원 응급의학과 배수진.jpg		응급의학		"[경력] 제주대학교병원 응급의학과 전공의
[경력]부산의료원 과장"		
경상국립대학교	창원경상국립대학교병원	응급의학과	류원현	창원경상국립대학교병원 응급의학과 류원현.jpg	촉탁의	응급의학	"[학력] 고신대학교 의예과 졸업
[학력] 아주대학원 석사"	"[경력] 아주대학교병원 전공의
[경력] 대전광역시 소방본부 공중보건의
[경력] 대전광역시 역학조사관
[경력] 포항성모병원 임상과장

현) 창원경상국립대학교병원 응급의학과 촉탁의"	"임상술기 연구회
대한응급의학회
대한중독학회
대한응급의료지도사 협의회"	
경상국립대학교	창원경상국립대학교병원	응급의학과	하대명	창원경상국립대학교병원 응급의학과 하대명.jpg	촉탁의	응급의학	"[학력] 경상국립대학교 의학과 졸업
[학력] 경상국립대학교 의학전문대학원 석사"	"[경력] 경상대학교병원 응급의학과 레지던트
[경력] 창원경상국립대학교병원 응급의학과 촉탁의
[경력] 부산대학교병원 응급의학과 촉탁의

현) 창원경상대학교병원 응급의학과 촉탁의"	"대한응급의학회 정회원
대한중한자의학회 정회원
대한임상독성학회 정회원"	
경상국립대학교	창원경상국립대학교병원	응급의학과	안권수	창원경상국립대학교병원 응급의학과 안권수.jpg	촉탁의	응급의학	[학력] 조선대학교 의학전문대학원 의학석사	"[경력] 경상국립대학교병원 전공의
[경력] 광주기독병원 응급의학과 과장

현) 창원경상국립대학교병원 촉탁의"	"대한응급의학회
대한소아응급의학회"	
경상국립대학교	창원경상국립대학교병원	응급의학과	정유진	창원경상국립대학교병원 응급의학과 정유진.jpg	촉탁의	응급의학		"[경력] 세브란스병원 전공의
[경력] 세브란스병원 임상강사

현) 창원경상국립대학교병원 촉탁의"		
경상국립대학교	창원경상국립대학교병원	응급의학과	진원영용	창원경상국립대학교병원 응급의학과 진원영용.jpg	촉탁의	응급의학	[학력] 경상대학교 의학전문대학원 석사	"[경력] 경상대학교병원 응급의학과 전공의
[경력] 진주제일병원 지역응급의료센터 과장

현) 창원경상국립대학교병원 촉탁의"	"대한응급의학회 정회원
임상술기교육연구회 정회원"	
경상국립대학교	창원경상국립대학교병원	직업환경의학과	성주현	창원경상국립대학교병원 직업환경의학과 성주현.jpg	주임교수	직업병, 작업관련성질환, 환경성질환, 산업독성학	"[학력] 경상대학교 의대졸업
[학력] 울산대학교 의학석사
[학력] 울산대학교 의학박사"	"[경력] 울산대학교병원 전공의
[경력] 울산대학교병원 직업환경의학과 임상강사
[경력] 울산대학교병원 직업환경의학과 임상조교수
[경력] 울산근로자건강센터 부센터장
[경력] 울산금연지원센터 사업총괄
[경력] 창원경상국립대학교병원 공공보건의료사업실장
[경력] 경상남도 공공보건의료정책 심의위원회 위원

현) 창원경상국립대학교병원 직업환경의학과 진료과장
현) 경상국립대학교 의과대학 직업환경의학교실 주임교수
현) 창원경상국립대학교병원 건강증진센터장
"	"대한직업환경의학회
대한직업환경의학외래협의회"	"[수상] 대한직업환경의학회 우수 논문상(2013)
[수상] 울산광역시 통합건강증진사업 유공자 포상(2016)
[수상] 대한직업환경의학회 추계학회 우수 포스터상(2021)
[수상] 대한직업환경의학회 춘계학회 우수 포스터상(2022)"
경상국립대학교	창원경상국립대학교병원	직업환경의학과	박상진	창원경상국립대학교병원 직업환경의학과 박상진.jpg	진료전담교수	직업병, 작업관련성질환, 환경성질환, 산업독성학	"[학력] 계명대학교 의대 졸업
[학력] 울산대학교 의학석사"	"[경력] 울산대학교병원 전공의
[경력] 순천향대학교천안병원 임상조교수

현) 창원경상국립대학교병원 직업환경의학과 진료전담교수"	"대한직업환경의학회
대한직업환경의학외래협의회
대한노인병학회 인정의"	
