dptm,name,img_name,position,clinic,career
감염내과,김동민,내과 김동민.jpg,교수,"감염병, 열병",2008·2009년판 세계 인명사전인 Marquis Whos Who in Science and Engineering에 등재
감염내과,윤나라,abf8560db35e711c5c237377c2f78d90.jpg,교수,감염병,"서울대병원 감염내과 전임의
대한내과학회 정회원
대한감염학회 정회원"
감염내과,서준원,5c3b7b40a4dc08aeca5fffd9d67773e1.jpg,교수,감염병,"2004-2010 조선대학교 의학과 학사
2011-2013 조선대학교 대학원 의학과 석사
2013-2017 조선대학교 대학원 의학과 박사
2010.03-2011.02 조선대학교 병원 인턴
2011.03-2015.02 조선대학교 병원 내과/전공의
2015.05-2018.04 육군 군의관, 국군 원주병원 감염관리실장
2018.05-2019.04 서울대학교 병원 감염내과/전임의
2019.05-2020.09 조선대학교 병원 감염내과/전임의
2020.10-2021.02 조선대학교 병원 감염내과/임상교수
2021.03- 현재 조선대학교 의과대학/조교수 (내과학교실/감염내과)
2021.08- 현재 조선대학교병원 감염관리실장
대한 감염학회 정회원
대한 항균요법학회 정회원
대한 에이즈학회 정회원
대한 의료관련감염학회 정회원
대한 의료관련감염학회 호남지회 총무이사
국가 감염병 임상위원회 진료지침분과 부위원장

<수상이력>

2020 대한에이즈학회 젊은 연구자상 수상
2021 대한항균요법학회·대한감염학회 춘계학술대회 우수 연제상 수상
2022 제32회 유럽 임상 미생물학 및 감염병 학회(European Congress of Clinical                Microbiology and Infectious Disease, ECCMID) ‘Top-rated Poster’ 수상
2022 대한내과학회 우수 논문상 수상"
감염내과,김다영,a70d1ede7b3c2fb2bfe61b9706b1cea8.jpg,교수,감염병,
내분비대사내과,김상용,cc269ca1fd5925ecc88e84107c8d1193.JPG,교수,"당뇨병, 감상선질환, 골다공증, 비만, 뇌하수체, 여성 호르몬 질환","조선대학교 의과대학 졸업
조선대학교병원 내과전공의
삼성서울병원 내분비대사내과 전임의
Harvard Medical School BIDMC연수
현 조선대학교 내과교수
현 조선대학교병원 내과장
현 조선대학교병원 당뇨병센터장
현 대한당뇨병학회 기획이사
현 대한내분비학회 홍보이사
현 대한비만학회 기획이사
현 Diabetes Metabolism Journal Associate Editor"
내분비대사내과,김진화,f12d25c9758199bec37e850ee0c39810.jpg,교수,"당뇨병, 갑상선암, 갑상선질환","2018. 03~현재      조선대학교 의과대학 내분비대사내과 교수
2014. 09~2015. 08  미국 하버드대학교병원 (Massachusetts General Hospital, MGH) 연수
2012. 05~2012. 07  삼성서울병원 내분비대사내과 단기연수
2015. 03~2018. 02  조선대학교 의과대학 내분비대사내과 부교수
2010. 03~2015. 02  조선대학교 의과대학 내분비대사내과 조교수
2007. 03~2010. 02  조선대학교병원 내분비대사내과 전임의
2003. 02~2007. 02  조선대학교병원 내과 전공의
2008. 02 조선대학교 의학박사
2006. 02 조선대학교 의학석사
2002. 02 조선대학교 의과대학 졸업(학사)
현 대한내분비학회 부총무
전 대한당뇨병학회 교육위원회 간사
현 대한당뇨병학회 기획위원회 간사"
내분비대사내과,류영상,5f3fa2876d989edb21179502fdb06657.JPG,교수,"당뇨병, 1형당뇨병, 갑상선암, 부신질환, 골다공증, 비만","現) 조선대학교 내분비대사내과 조교수
2015 조선대학병원 내과 전공의
2019 조선대학병원 내과 전임의
조선대학교 의학과 석박사
조선대학교 의과대학 졸업
조선대학교 대학원 의학과 석사(2019), 박사(2021)

[학회활동]
대한당뇨병학회 수련위원회 위원 (2022-)
대한당뇨병학회 보험-대관위원회 위원 (2022-)
대한내분비학회 홍보위원회 위원 (2023-)
대한내분비학회 교육위원회 위원 (2023-)
대한비만학회 부총무 (2023-)
대한지질동맥경화학회 임상연구위원 (2023-)
대한골다공증학회 정회원"
류마티스내과,김윤성,817d243394329be1b9e3d759e1635083.jpg,교수,"류마티스 관절염, 통풍, 루푸스, 강직성 척추염","현) 조선대학교병원 교육연구부장
현) 조선대학교병원 류마티스내과 분과장
전) 조선대학교병원 보건의료사업팀 팀장
대한 내과학회 정회원
대한 류마티스학회 정회원
대한 골다공증학회 정회원
대한 골대사학회 정회원
유럽 류마티스학회 회원
아시아 태평양 류마티스 학회 회원
미국 류마티스학회 회원
류마티스내과 분과전문의

2013년 8월 박사
2011년 하버드 메디컬 스쿨 류마티스내과 단기연수교육
2010년 7월 APLAR Musculoskeletal Ultrasound Course in Rheumatology 수료(홍콩)
2010년 3월 ~ 조선대학교병원 류마티스내과 전임의
2010년 8월 조선대학교 의과대학원 의학과(박사과정)
2006년 2월 조선대학교 의과대학원 의학과(석사)
2002년 2월 조선대학교 의과대학 졸업(학사)"
류마티스내과,김조아,416cd465c07b94f6887c5996a6c8594e.jpg,교수,"류마티스관절염, 통풍, 루푸스, 강직성 척추염","현) 조선대학교병원 임상전문교수
2020년 3월 ~ 2021년 2월 카톨릭대학교 서울성모병원 전임의
2018년 3월 ~ 2020년 2월 조선대학교병원 전임의
2018년 3월 조선대학교 의과대학 (박사)
2017년 8월 조선대학교 의과대학 졸업 (석사)
2012년 2월 조선대학교 의과대학 졸업 (학사)
[학회활동]
대한내과학회 정회원
대한 류마티스학회 정회원
아시아태평양 류마티스 학회 회원"
소화기내과,박찬국,abd41d3d47cfd07ef2f2ac3e4b43284c.jpg,교수,"상 · 하부 소화기질환, 췌 · 담도질환","2017년 조선대학교병원 부원장 역임
2015년 ~ 2018년 : 조선대학교병원 소화기내시경센터장
2015년 ~ 2017년 : 조선대학교병원 종합건강증진센터장
2013년 ~ 2015년 : 조선대학교병원 부원장 역임
2009년 ~ 2013년 : 조선대학교병원 내과과장 역임
1997년 ~ 1998년 : Mayo Clinic 연수(Center for Basic Research in Digestive Disease, Mayo Clinic, Rochester,-Minnesota, USA.)
1997년 전북대학교 대학원 졸업 : 의학박사
1990년 ~ 현재 : 조선대학교 의과대학 교수
1983년 조선대학교 의과대학 졸업
1983년 ~ 1987년 : 조선대학교병원 인턴, 내과전공의 수료

대한내과학회, 대한소화기학회, 대한내시경학회, 미국소화기학회 회원"
소화기내과,김영대,d94a8bd13d7c6a31eb18369e0d882ac5.jpg,교수,"상부 소화기질환, 치료내시경","(현) 조선대학교병원 소화기내시경센터장
(전) 조선대학교병원 소화기내과장
2010년 ~ 소화기내시경학회 교육수련위원
2008년 ~ 소화기내시경학회 ESD연구회 위원
2008~2009년 소화기항암학회 홍보위원
2008~2009년 소화기내시경학회 정보전산위원
2007년 전남대학교 의과대학 대학원 졸업, 의학박사
2005~2006년 순천향대학교병원 소화기내과 전임의
2000~2004년 조선대학교병원 인턴, 내과전공의 수료
2000년 조선대학교 의과대학 졸업
대한내과학회, 대한소화기학회, 대한간학회, 대한소화기내시경학회, 대한상부위장관학회, 대한장연구학회, 대한췌담도학회, 대한소화기운동학회, 대한소화기항암학회 정회원"
소화기내과,이준,c729c07110ee3c11bc150b547db3d4d5.jpg,교수,"염증성장질환(크론병, 궤양성대장염), 대장암, 치료내시경(내시경절제술)","[경력]
2021년 09월- 현재 조선대학교 소화기내과장
2019년 03월- 현재 조선대학교 소화기내과 교수
2016년-2019년 조선대학교 소화기내과 부교수
2010년-2016년 조선대학교 소화기내과 조교수
2015년 조선대학교 의학박사
2000년 조선의대 졸업
[해외연수]
2019년 08월-2021년 02월 Stanford Medical center. 교환교수
[학회 활동]
현) 대한장연구학회 교육진료지침위원장
현) 대한소화기내시경학회 학술위원
현) 대한소화기학회 편집위원
[지회 활동]
현) 대한내과학회 광주전남지회 학술이사
현) 대한장연구학회 호남지회 총무이사
현) 대한소화기내시경학회 광주전남지회 섭외이사"
소화기내과,조주연,fe3a1669af0e7fdf78f49381427087c6.png,교수,"간염(바이러스, 알코올, 지방간), 간경변증, 간세포암","2022 대한소화기학회 학술위원회 위원
2022 대한간학회 교육위원회 위원
2022 대한간학회 연구기획위원회 위원
2022 대한간암학회 간행위원회 위원
2022 대한간암학회 간암등록사업회 위원
2020.09-　현재　조선대병원 소화기내과 부교수
2015.09-2020.08 조선대병원 소화기내과 조교수
2015.03-2015.08 조선대병원 소화기내과 전임의
2012.03-2015.02 삼성서울병원 소화기내과 전임의
2008.03-2012.02 조선대병원 내과 레지던트
대한내과학회, 대한간학회, 대한간암학회, 대한소화기학회, 소화기내시경학회 정회원"
소화기내과,이준형,0375bdbac7cea9d444ebf5b2deb44bbc.jpg,교수,췌ㆍ담도질환,"[경력]
현) 조선대학교병원 소화기내과 조교수
조선대병원 소화기내과 전임의수료 16년-19년

[학회활동]
대한내과학회
대한소화기내시경학회
대한췌장담도학회
대한장연구학회  정회원"
소화기내과,김성중,a4797ff3f6be5e97af22130f1e283ee3.JPG,교수,"상ㆍ하부 소화기질환, 치료내시경",
소화기내과,이정인,a0b72da5072cd69a944725218153a7ad.jpg,교수,"상·하부 소화기질환, 치료내시경",
소화기내과,박혜선,8776c6c88725c9d07a3b4137f45c1b81.png,임상교수,상·하부 소화기질환,
소화기내과,김은정,b8ce8362ef9fdece1dbb41077e27f410.jpg,임상교수,상·하부 소화기질환,
소화기내과,이수민,bb96c4343e4b9e2fce8dc7d57ea68fc4.jpg,임상교수,상·하부 소화기질환,
소화기내과,김민경,6cd6b8182c937b423959fc61a1e4bc5e.jpg,임상교수,상·하부 소화기질환,
소화기내과,이덕수,494e32179d365d658188c8302b681c62.jpg,임상교수,상·하부 소화기질환,
소화기내과,조세임,43a968628ba7c4935a979d5a01577d27.jpg,임상교수,상·하부 소화기질환,
소화기내과,조한솔,7a38be83c694ebde97eb30f4954d965b.jpg,임상교수,상·하부 소화기질환,
순환기내과,장경식,cabfd2269e0265f876ca6b7ac52e2c93.jpg,교수,"심장판막질환, 고혈압, 심부전증, 대동맥질환, 심초음파 검사","조선대학교 의학 박사
임상의학연구소장 역임
조선대병원 순환기내과장 역임
조선대병원 심혈관센터장 역임
현)호남순환기학회 이사장
현)2010.4. 제18대 한국심장초음파학회장 취임"
순환기내과,고영엽,22b7b8271f3613d358176154e10b1f4b.jpg,교수,"심혈관질환(협심증, 심근경색증), 고혈압, 심장판막질환, 심초음파검사","조선대학교 의과대학 의학과 졸업


조선대학교 의학박사
이화여대 부속병원 내과전공의 수료
부천세종병원 심장내과 전문의

조선대학교 의과대학 내과학교실 교수
조선대학교병원 순환기내과 교수


조선대학교병원 순환기내과 과장 역임
조선대학교병원 심혈관센터장 역임
조선대학교병원 내과 과장 역임



대한 중재시술연구회 정회원, 평의원
대한 심장학회 정회원, 평의원, 이사
대한 고혈압학회 정회원, 평의원
대한 내과학회 정회원, 평의원
호남중재시술학회 회장﻿
호남순환기학회 이사장﻿



미국 보스톤 하버드의대 방문교수 (2007.9.1~ 2008.8.31)
‘마르퀴즈 후즈후 인더월드’ (Marquis Who’s Who in the World)에 11년 연속 (2009, 26th Edition ~) 등재"
순환기내과,정중화,e22ebd7911d63a116df111f9cf494aeb.jpg,교수,"부정맥, 고혈압, 심부전증, 심혈관질환, 심초음파 검사","내과전문의
심장내과 분과전문의
(전) 조선대학교 의과대학/의학전문대학원 부학장
(전)조선대학교병원 내과장
조선대학교병원 심혈관센터장
조선대학교병원 공공의료지원실장
(전)서울대학교병원 임상강사
대한심장학회 정책이사
대한고혈압관리협회 연구이사
심장학연구재단 이사
대한고혈압학회 이사
ISHF(International Society of Hypertension Fellow)
Editorial board of International Journal of Arrhythmia"
순환기내과,최동현,4ea555ec86b9fa39633a2b6c4fa8e997.jpg,교수,"심혈관질환(협심증, 심근경색증), 고혈압, 심부전증, 심초음파 검사","(전) 조선대학교병원 심혈관촬영실 운영실장
2016년 9월 ~ 2017년 8월 미국 스탠포드 대학교 연수
2016년 9월 조선대학교 의학전문대학원 내과 교수
2013년 10월 조선대학교 의학전문대학원 내과 부교수
2009년 9월 조선대학교 의학전문대학원 내과 조교수
2009년 5월 조선대학교병원 전임의
2007년 5월 서울대학교병원 전임의
2005년 5월 국군광주병원 군의관"
순환기내과,박근호,e925d55c1916dbc6c658819af8589502.jpg,교수,"심혈관질환(협심증,심근경색증), 고혈압, 심장판막질환, 심초음파검사","서울대학교병원 전임의
전남대학교병원 임상조교수
화순전남대학교병원 순환기내과 과장
조선대학교 의학전문대학원 순환기내과 조교수
(현)조선대학교병원 순환기내과 분과장
대한 심장학회 연구위원
대한심혈관중재학회인증제 관리위원"
순환기내과,김현국,e7cd140b2758814287a571bf10d320f5.jpg,교수,"심혈관질환(협심증, 심근경색증), 고혈압, 심장초음파검사","전남대학교 의과대학 학사, 석사, 박사
서울아산병원 전임의
전남대학교 임상교수
대한심장학회 학술위원 (2016~2017)
대한심근경색증 연구회 자료정리위원 (2018~)
대한심근경색증 교과서 편집위원
분지병변연구회 홍보위원 (2019~)
혈관생리영상연구회 연구위원 (2019~)
혈소판연구회 학술위원 (2019~)
(전) 조선대학교병원 순환기내과 분과장"
순환기내과,김성수,df06caf1dce3a6d531368c47a853c764.png,교수,"부정맥, 고혈압, 심부전증, 심혈관질환, 심초음파검사","<학력>
2014.03.01.-2020.02.28. 전남대학교 의과대학원 의학과 (의학박사)
2008.03.01.-2009.02.26. 전남대학교 의과대학원 의학과 (의학석사)
1999.03.01.-2005.02.28. 전남대학교 의과대학 졸업 (의학사)
<경력>
2017.03.01.-		      조선대학교 의과대학 의학과 조교수
2015.03.01.-2017.02.28. 광주 기독병원 순환기 내과 과장
2014.03.01.-2015.02.28. 전남대학교 병원 순환기 내과 임상 조교수
2013.05.01.-2014.02.28. 전남대학교 병원 순환기 내과 분과 전임의
2010.03.01.-2013.04.25. 대한민국 군의관 항공의학장교 복무
2006.03.01.-2010.02.28. 전남대학교 병원 내과 전공의
2005.03.01.-2006.02.28. 전남대학교 병원 인턴
<자격>
2019.08.15.     IHBRE CCDS 인증의
2017.05.01.     대한 심혈관중재학회 정회원
2016.03.01.     대한 부정맥학회 정회원
2016.03.01.     한국 심초음파학회 정회원
2015.11.13.	대한심장학회 정회원
2015.10.15.	순환기 내과 분과 전문의
2014.03.01.	심초음파 인증의
2010.03.01.	내과전문의 자격
2005.03.01. 	의사 면허"
순환기내과,기영재,1d30a3f9ed3244433ed1766848970842.JPG,교수,"심혈관질환(협심증,심근경색증), 고혈압, 심장판막질환, 심초음파검사","<학력>
조선대학교 의과대학 졸업
조선대학교 의과대학원 (의학석사/박사)
<경력>
조선대학교 병원 내과 전공의
조선대학교 병원 순환기내과 전임의
조선대학교 병원 순환기내과 부교수
<학회활동>
대한 심장 학회 정회원 / 대한 심혈관 중재 학회 중재 시술 인증의
대한 심초음파 학회 수련 위원 / 대한 심부전 학회 홍보 위원
대한 고혈압 학회 의료 정보 위원 / 광주광역시 행정심판 위원"
순환기내과,최인영,646667483532f2a307bd4f059fb3e743.jpg,임상교수,"고혈압, 심부전증, 심혈관질환",
신장내과,정종훈,9bfc75643d710ba8424fd1c4cbe28e1b.jpeg,교수,"신부전증, 사구체신염, 투석, 이식","2019.12 ~ 2021.12 조선대학교병원장
2012.02 ~ 현) kbs방송국 의료 자문위원
2017.12 ~ 2019.12 조선대학교병원 기획실장
2011.12 ~ 2013.11 조선대학교병원 부원장
2010.11 ~ 2011.11 조선대병원 기획실장
2007.12 ~ 2009.12  조선대학교병원 진료부장
2005.12 ~ 2007.11 조선대학교병원 교육부장
2003년도 동아일보사 베스트닥터(신장질환) 선정"
신장내과,김현리,3a291a9b7ee8b08114ed65a364c0da30.png,교수,"신부전증, 사구체신염, 투석, 이식","(현) 조선대학교병원 인공신장실장
(전) 조선대학교병원 내과장

대한 내과학회 정회원
대한 신장학회 정회원
미국 신장학회 정회원
조선대학교 내과 전공의 수료
서울대학교 신장내과 전임의 수료"
신장내과,신병철,6d21d3acbef32b24953ad74afaa675a2.png,교수,"신부전증, 사구체신염, 투석, 이식","1. 대한 내과학회 정회원
2. 대한 신장학회 정회원
3. 대한 이식학회 정회원
4. 미국 신장학회 정회원
5. 신장내과분과전문의, 신장투석전문의
6. 가톨릭서울성모병원 장기이식센터 단기연수
(현) 조선대학교병원 진료부장
(현) 조선대학교병원 신장내과 분과장"
신장내과,윤영민,b9e8c946edf28e888eaf00f4c9fd8c89.jpg,교수,"신부전증, 사구체신염, 투석, 이식","광주과학기술원 박사
삼성서울병원 신장내과 임상강사
조선대학교병원 신장내과 임상교수
신장내과 분과 전문의
투석 전문의
대한 내과학회 정회원
대한 신장학회 정회원"
신장내과,이소민,e9d140e8b9c412b1fbfe4a0e952cd953.jpg,임상교수,"신부전증, 사구체신염, 투석, 이식",
종양혈액내과,박치영,내과 박치영.jpg,교수,"대장암(결장암, 직장암), 비뇨기계암, 전립선암, 기타혈액질환(빈혈, 혈구수 이상)","1998.03 내과 전문의 자격증
2002.05 가톨릭성모병원 조혈모세포이식센터 전임의사
2003.10 내과 분과 전문의(혈액종양)
(현) 조선대학교병원 주사실장"
종양혈액내과,박상곤,a273cbb442a254b2c847e7eb9acaa020.jpg,교수,"폐암, 췌담도암, 위식도암, 두경부암, 간세포암","<경력사항>
(전) 조선대학교병원 의료질관리실장
(현) 조선대학교병원 종양혈액내과 분과장
2009-2010 서울대학교 혈액종양내과 임상강사
2015-2016 캐나다 Alberta Tom baker cancer centre 방문교수
2016년 마르퀴즈 후즈 후 인 더 월드 (Marquis Who's Who In the World) 인명사전 등재
2016년 영국 캠브리지 국제인명센터 (IBC, International Biographical Centre) 인명사전 등재
2016년 영국 'The Cambridge Certificate for Outstanding Medical Achievement' 증서
2013년, 2014년 대한내과학회 우수논문상
<학회활동>
미국임상암학회 정회원
대한임상암학회 정회원
대한암학회 정회원
대한혈액학회 정회원"
종양혈액내과,이희정,724b44eca7fcd468675e5f03f143ee20.jpg,교수,"유방암, 부인과암(자궁경부암, 난소암, 자궁내막암), 원인부위불명암","2008.03~2012.02 조선대학교병원 내과 전공의
2012.03~2013.02 서울대병원 혈액종양내과 전임의
2013.05~2013.07 서울대병원 유방암센터 단기연수
2013.03~2016.02 조선대학교병원 혈액종양내과 전임의
2016.03~2017.08 조선대학교병원 혈액종양내과 임상전문교수
2017.09~2023.08 조선대학교 혈액종양내과 조교수
2023.09~현재    조선대학교 혈액종양내과 부교수
대한내과학회, 대한종양내과학회, 대한암학회, 대한항암요법연구회, 대한혈액학회 정회원
2006.02 조선대학교 의학대학 졸업 (학사)
2010.08 조선대학교 의학 석사
2014.08 조선대학교 의학 박사"
종양혈액내과,이슬비,ae27658dcd490492849c21206161ae40.jpg,교수,"악성림프종, 급만성백혈병, 다발골수종, 골수이형성증후군, 재생불량빈혈, 기타혈액질환(빈혈, 혈구 수 이상), 조혈모세포이식, 육종",
종양혈액내과,김성훈,1232ca6b1aff8799cbc6b73a8f23d1c5.jpg,임상교수,,
호흡기내과,윤성호,4b7f49b5828d1455daecd92feb52f71a.jpg,교수,"폐암, 중환자의학, 결핵, 폐렴, 만성폐쇄성폐질환, 급·만성기침","* 2009. 2.~2010. 2 미국 University of Illinois at Chicago Medical Center 교환교수
* 2001. 3~2002. 2 서울아산병원 호흡기내과 전임의
* 내과 전문의
* 호흡기내과 분과전문의
* 대한내과학회 정회원
* 대한결핵 및 호흡기학회 정회원
* 대한폐암학회 정회원
* 대한광역학회 정회원
* 대한중환자의학회 정회원 및 세부전문의
* 조선대학교병원 호흡기내과장"
호흡기내과,나용섭,f7c98097bbab7bdcce84fb30b6900712.jpg,교수,"폐암, 중환자의학, 결핵, 폐렴, 만성폐쇄성폐질환, 급·만성기침, 간질성폐질환",(현) 조선대학교병원 금연캠프팀장
호흡기내과,문도식,6ff52bcdb0af5cf001a07f0584c22396.JPG,교수,"폐암, 중환자의학, 결핵, 폐렴, 만성폐쇄성폐질환, 급·만성기침","[경 력]
2013.03 ~ 2014.02 조선대학교병원
2014.03 ~ 2018.02 조선대학교병원 내과 전공의
2018.03 ~ 2019.02 서울아산병원 중환자의학 임상강사
2019.03 ~ 2020.02 서울아산병원 호흡기내과 임상강사

[학 력]
2000.03 ~ 2009.02 전남대학교 수의학과
2009.03 ~ 2013.02 조선대학교 의학전문대학원 (석사)

[자격증]
수의사면허증 2009.02
의사면허증    2013.02
내과전문의    2018.03
중환자의학세부전문의 2019.05

[학회활동]
대한 결핵 및 호흡기학회 정회원
대한 중환자학회 정회원

[수상경력]
2019. KATDR international conference최우수 초록상"
호흡기내과,김윤희,0f8c56c97a071e3c04abb9ade3f3819d.jpg,교수,"폐암, 중환자의학, 결핵, 폐렴, 만성폐쇄성폐질환, 급·만성기침",
가정의학과,김삼철,1995a818c723a625097948a2776d0f5e.JPG,교수,"가정의학,만성질환,웰빙통합의학클리닉(만성피로,기능성장질환,해독,알레르기,맞춤영양처방 등), 성인예방접종,외국인진료,금연클리닉,종합건강검진","# 경력사항
가정의학과 전문의, 노인병인정의, 기능의학인정의
초음파검사인증의, 대한가정의학회 내시경 실기 지도전문의
미국 연수(Visiting professor): 메이요클리닉 완화의학, 위스콘신의대, 노스다코타 주립의대 가정의학&통합의학
아주대학교 의료원 가정의학교실 진료교수
대한의사협회 네이버 지식iN 가정의학 상담의사
# 학회활동
대한가정의학회 지역 특별위원회 위원장 및 수련위원
대한기능의학회 학술위원, 한국 호스피스 완화의료학회 정회원
광주광역시 가정의학과 의사회 학술이사
미국 가정의학 교육자 협의회 완화의학·통합의학 분과위원
DynaMed 보완대체의학분과 논문심사위원
미국 통합의학 전문저널 Explore 논문심사위원 외 다수
현) 조선대학교병원 가정의학과 과장
현) 조선대학교병원 종합건강증진센터 센터장
현) 조선대학교 보건진료소 소장"
가정의학과,정유진,d8e1bb10dbf2b2156f7927830f6cc618.jpg,교수,"건강증진, 만성질환, 비만, 기능의학, 종합건강검진","[학력 및 경력]
2021.03- (현) 조선대학교병원 가정의학과 전임의
2022.08-2022.09 아주대학교의료원 가정의학과 단기 파견
2018.03-2021.02 조선대학교병원 가정의학과 전공의 수료
2016년 전남대학교 의과대학 졸업

[학회 활동]
대한가정의학회 정회원
대한기능의학회 정회원
대한비만학회 정회원
대한기능의학회 기능의학 인증의
대한비만학회 비만 전문 인정의"
마취통증의학과,임경준,89a0491f4d87da265d96cf3d06a1eb28.jpg,교수,"목ㆍ허리 디스크, 척추내시경술, 어깨통증, 대상포진 신경통, 암환자 통증, 삼차신경통","미국 샌프란시스코 캘리포니아 주립대학(UCSF) 통증치료센터 연수
세계통증학회(WIP) 인정 세계 중재적 통증전문의(FIPP) 취득
대한체열학회 제 5대 회장
EBS ‘명의’ 단독출연(허리통증)

현) 대한마취통증의학회 정회원
현) 국제통증연구학회(IASP) 정회원
현) 세계통증학회(WIP) 정회원
현) 대한마취통증의학회지 논문심사위원
현) 대한통증학회 정회원
현) 대한통증학회지 논문심사위원
현) 대한통증학회지 편집위원
현) 대한통증연구학회 정회원
현) 대한척추통증학회 정회원, 부회장
현) 대한뇌신경마취학회 정회원
현) 대한임상통합의학회 정회원

2007-2019년판 세계 인명사전인 Marquis Whos Who in the World에 13년 연속 등재
2008·2009·2011~2012, 2016, 2017년판 세계 인명사전인 Marquis Whos Who in Science and Engineering에 등재
2009·2010년판 세계 인명사전인 Marquis Whos Who in Medicine and Healthcare에 등재
국제인명센터 (IBC·International Biographical Center)가 발표한 ‘2012년 세계 100대 의학자(TOP 100 HEALTH PROFESSIONALS 2012)’ 선정
미국 인명정보기관 ABI(American Biographical Institute)의 ‘2010년 대한민국을 대표하는 올해의 인물’ 선정
2009~2015 조선대학교병원 마취통증의학과 과장 역임
2014 대한통증학회 학술상 수상"
마취통증의학과,소금영,소금영.JPG,교수,"어깨통증, 두통, 요통, 급성통증, 암환자통증","현 대한산과마취학회 회장
현 조선대학교 대학원 의학과 주임교수
현 조선대학교부설 의학연구원 의학연구소 소장
현 조선의대 총동창회 부회장
현 대한통증연구학회 무임소이사
2008 ~ 2012 조선대학교병원 수술실장
2009.12 ~ 2011.11 조선대학교병원 교육연구부장 역임
2007 ~ 2009 조선대학교병원 마취통증의학과 과장
2008 조선대학교 의학전문대학원 교육부장
2007 ~ 2008 조선대학교 의과대학 임상의학과장
2002 ~ 2003 조선대학교병원 중환자실장
1999 전남대학교 대학원 박사 학위 취득
1995 ~ 1997 조선대학교 부속 광양병원 과장
1995 ~ 1996 조선대학교 부속 광양병원 응급실장
1993 ~ 현재 조선대학교 의과대학 교수
1985 조선대학교 의과대학 졸업

미국 Texas University 연수
일본 관동체신병원, 오사카 의과대학 연수
일본 동정의대 통증클리닉, 준뗀도도 대학 연수
조선대학교 경영대학원 최고경영자과정 수료

대한통증학회 정회원
대한뇌신경마취연구회 정회원
대한척추통증연구회 정회원
대한마취통증의학회 전남지회장 역임
2007 대한산과마취학회 학술상 수상
2012 대한마취통증의학회 학술상 수상
2013 대한산과마취학회 우수초록상 수상"
마취통증의학과,안태훈,e2e07c0b644efe0d2701aad260478549.bmp,교수,"소아마취, 일반마취, 장기이식마취, 호흡관리","2012 ~ 현재 대한마취통증의학회 전남지회 회장
2011 ~ 현재 조선대학교 보건진료소 소장
2008 ~ 2015 조선대학교병원 중환자실장
2003 전남대학교 대학원 박사 학위 취득
1997 ~ 현재 조선대학교 의과대학 교수
2000 ~ 2001 조선대학교부속 광양병원 진료부장
1997 ~ 2001 조선대학교부속 광양병원 마취과장
1994 ~ 1997 순천중앙병원 과장
1989 조선대학교 의과대학 졸업

대한마취과학회 정회원
대한뇌신경마취연구회 정회원
대한호흡관리학회 정회원 / 학술이사
대한중환자의학회 정회원 / 평의원
대한소아마취학회 교육수련이사
대한신경근연구회 기획이사

YOUNG TRAVELERS AWARD 수상
대한산과마취학회 우수논문상 수상
대한마취과학회 하나 우수논문심사위원상 수상
대한소아마취학회 우수논문상 수상
조선대학교 의과대학 우수논문상 수상"
마취통증의학과,김상훈,a59a1b3b79ca791db539bc3123236697.jpg,교수,"급ㆍ만성통증관리, 척추통증, 대상포진 후 신경통, 복합부위 통증 증후군, 암성 통증","2014 조선대병원 공로상- 심장수술팀
2013 대한산과마취학회 우수초록상 수상
2012 조선대병원 2012년도 우수임상연구자 선정
조선대병원 IRB 전문간사
식품의약품안전평가원 의료기기 외부전문가
대한마취통증의학회 표준개발소위원회 위원
대한소아마취학회 이사
대한호흡관리학회 홍보이사
대한마취통증의학회 대외협력위원
미국 오하이오 주립대병원 연수

조선대학교 대학원(의학박사)
2013 조선대학교 의과대학 부교수
2009 조선대학교 의과대학 조교수
2007 ~ 2009 조선대학교 의과대학 전임강사"
마취통증의학과,이현영,fa588ac7619b7e8d82e9b267f56b0616.jpg,교수,급ㆍ만성 통증관리,"2009 ~ 현재 조선대학교 의과대학 교수
2008 ~ 2009 조선대학교병원 전임의사
2001 ~ 2005 조선대학교병원 마취통증의학과 전공의

(현) 조선대학교병원 마취통증의학과장
(현) 조선대학교병원 수술실장
(현) 조선대학교병원 통증클리닉실장
(전) 조선대학교병원 대외협력팀장 (겸. 국제진료센터장)
(현) 조선대학교병원 의료질관리실장"
마취통증의학과,정기태,마취 정기태-2011.jpg,교수,"장기이식(간, 신장)마취","2019.09 ~  현재　　조선대학교 의학전문대학원 의학과 교수
2018.08　　　　   　조선대학교 대학원 박사학위 취득
2015.09~2019.08　 조선대학교 의학전문대학원 의학과 부교수
2012.09~2015.08　 조선대학교 의학전문대학원 의학과 조교수
2011.03~2012.08　 조선대학교병원 전임의
2007.05~2011.02　 조선대학교병원 전공의
2003.03　　　　   　조선대학교 의과대학 졸업

2019.01 ~  현재　　대한마취통증의학회 환자안전위원회 위원
2019.01 ~  현재　　대한마취약리학회 홍보이사
2018.06 ~  현재　　대한신경근연구학회 총무이사
2017.12 ~  현재　　대한마취통증의학회 법제위원
2016.01~2017.12　 대한체열학회 총무이사
2015.06 ~  현재　　대한산과마취학회 윤리법제 이사
2015.06~2017.06　 식품의약품안전처 의료기기위원회 전문위원
2014.01~2019.01　 대한마취약리학회 학술위원
2014.01 ~  현재　　대한통증학회 논문 심사위원
2014.01 ~  현재　　대한마취통증의학회 논문 심사위원
2013.06~2015.05　 대한산과마취학회 총무이사
2013.01~2014.12　 대한마취통증의학회 전남지회 총무이사

2019.12 　　　 　　대한통증학회 우수 심사위원상 수상
2019.06 　　　 　　대한산과마취학회 우수초록상 수상
2018.04 　　　 　　대한마취약리학회 우수초록상 수상
2017.12 　　 　　　대한통증학회 우수 심사위원상 수상"
마취통증의학과,김동준,52f706cd2729f6144be86d9a6b8882c8.jpg,교수,"중환자관리, 중증환자마취, 일반마취(소아 및 일반마취)",
마취통증의학과,정화성,dab10a972672431e4a4b58ef24c236f7.jpg,교수,"통증치료, 일반마취",
마취통증의학과,조수연,fc2216309d18b42515a6372ff34ac7ae.jpg,교수,"통증치료, 일반마취",
마취통증의학과,김성철,744233274099d4898615530829a9fcd1.jpg,임상교수,"통증치료, 일반마취",
마취통증의학과,서진영,fd2faf4885630d16d6a0ee19eda25710.jpg,임상교수,"통증치료, 일반마취",
방사선종양학과,장지영,08ec4b096a7e7aaff00370b6f84533a5.jpg,교수,"방사선치료 (두경부종양, 소화기종양, 비뇨기암, 부인암, 전이암, 림프종, 소아암, 육종)","<경력>
2004~현) 조선대학교 의과대학/의학전문대학원 교수
2015~현) 방사선종양학과 과장
전) 가톨릭의대 대전성모병원 방사선종양학과 과장
전) 가톨릭의대 성모병원 방사선종양학과 임상강사
전) 충남대병원 방사선종양학과 전임강사
전남대학교 의과대학 졸업

<학회활동>
대한방사선종양학회 정회원
대한암학회 정회원
유럽방사선종양학회 회원

<해외연수>
2012-2013 미국 조지아대학교 방문교수"
방사선종양학과,정웅기,072135d1240d766efa78798b3daf74d0.jpg,교수,방사선치료,
병리과,기근홍,병리학 기근홍.jpg,교수,"비뇨생식병리, 폐병리, 소화기병리","대한병리학회 정회원
미국 University of Texas M.D. Anderson Cancer 연수
2012년 7월~ 현재 조선대학교 의과대학장 겸 의학전문대학원장"
병리과,임성철,afd25d6ef8c7a722f8dd2e3b9917750f.jpg,교수,"세포병리, 부인과병리, 유방병리, 신경병리","1991년 병리전문의 자격증
1997년 세포병리지도의 자격증
2003년 독성병리전문가 인증

현) 대한병리학회 정회원, 평의원, 이사
현) 대한세포병리학회 정회원, 평의원, 조기암검진사업위원장
현) 보건복지부·국립암센터 자궁경부암검진 권고안 개정위원회 위원
현) 대한독성병리학회 정회원, 평의원
현) 대한암학회 정회원
현) 유럽세포사학회(ECDO) 회원

2000년 ~ 2001년 University of Texas MD Anderson Cancer Center 세포병리 및 유방병리 연수

조선대학교병원 교육연구부장 역임
조선대학교의학전문대학원 연구부장 역임
현) 조선대학교 전자현미경실장
현) 조선대학교 연구부처장
현) 조선대학교 공동실습관장"
병리과,이미자,병리학 이미자.jpg,교수,"소화기병리, 내분비병리, 유방병리, 유세포분석","1996년 병리 전문의
2007년 ~ 2008년 미국 The Methodist Hospital, Weil Medical College of Cornell University 연수
2010년 ~ 2012년 조선대학교 의과대학 기초의학과장/ 의학전문대학원 교무부장 역임

현) 조선대학교 병원 병리과장
현) 조선대학교 대학원 보완대체의학과주임
현) 병원 기관생명윤리위원회(IRB), 의약품 임상시험심사위원회 위원장

현) 대한병리학회 정회원, 평의원
현) 대한세포병리학회 정회원, 평의원"
병리과,홍란,홍란.jpg,교수,"신장병리, 혈액병리, 피부병리, 진단면역형광검사","2004.2 조선대학교 의과대학 의학과 졸업
2009.2 조선대학교 의과대학 박사학위 취득
조선대학교병원 병리과 전공의 수련
조선대학교 의과대학 병리학교실 특임조교
Stanford Health Care Renal Pathology 연수
2017 ~ 2023.2 조선대학교 병원 병리과 과장

대한병리학회 정회원
대한세포병리학회 정회원
USCAP member"
비뇨의학과,김철성,d405d98b5d646bc01947ec1f69499e70.jpg,교수,"전립선질환, 비뇨기종양, 복강경수술, 신이식","2001년 조선대병원 교육부장
1996년 조선대병원 비뇨기과장
1994-1995년 미국 아이오와대학 비뇨기과 연수

대한비뇨기과 내비뇨학회 이사
요로감염연구회 이사
대한비뇨기과 전립선학회 이사
미국비뇨기과학회(AUA) 정회원
대한비뇨기과학회 수련위원
세계비뇨기과학회 정회원"
비뇨의학과,임동훈,a9988bb423d2341628b52929e275a6e6.jpg,교수,"요로결석, 요로감염, 남성의학, 전립선질환","조선대학교 의과대학 의학과 졸업
조선대학교 의과대학원 졸업
조선대학병원 비뇨의학과 전공의 수료
조선대학병원 비뇨의학과 전임의
조선대학교 의학전문대학원 비뇨의학과 전임강사
조선대학교 의학전문대학원 비뇨의학과 조교수
조선대학교 의학전문대학원 비뇨의학과 부교수
조선대학교 의학전문대학원 비뇨의학과 교수
현) 조선대학교병원 부원장

대한비뇨의학회 정회원
대한요로생식기감염학회 전) 상임이사, 현)이사
대한내비뇨의학회 이사
전) 대한비뇨의학과 학회 정보위원
전) 대한비뇨의학회 수련위원
전) 대한비뇨의학회 법제위원
현) 대한비뇨의학회 기획위원"
비뇨의학과,조원진,39ac17ca512ff6c6bc25a2267dd51fa2.jpg,교수,"배뇨장애 및 요실금, 전립선비대증, 비뇨기계 종양, 요로결석, 요로감염, 로봇수술","2002. 조선대학교 의과대학 졸업
2002. 03 ~ 2003. 02 조선대학교병원 인턴
2003. 03 ~ 2007. 02 조선대학교병원 비뇨의학과 레지던트
2007. 04 ~ 2010. 04 군의관 (국군함평병원)
2010. 05 ~ 2011. 02 삼성서울병원 임상강사
2011. 03 ~ 2011. 08 조선대학교병원 비뇨의학과 점임의
2011. 09 ~ 현재 조선대학교 의학전문대학원 교수
2020. 01 ~ 2022. 08 조선대학교병원 비뇨의학과 과장

2004. 03 ~ 2006. 02 조선대학교 대학원 석사
2011. 09 ~ 2013. 09 조선대학교 대학원 박사 수료
2019. 02 조선대학교 대학원 박사

현재 대한비뇨의학회 정회원
현재 대한배뇨장애요실금학회 정회원
현재 국제요실금학회 정회원
현재 국제비뇨의학회 정회원

현재 대한배뇨장애요실금학회 이사
현재 대한배뇨장애요실금학회 기획위원회 부위원장
현재 대한배뇨장애요실금학회 학술위원
현재 대한비뇨의학회 교육정책위원
현재 대한비뇨의학회 여성정책위원
현재 한남비뇨의학회 학술위원

현재 근로복지공단 자문의사
현재 5.18 민주화운동 관련 장해등급 검진의"
비뇨의학과,김민석,9b446327015cf90982de0f8ad073fab5.jpg,교수,"비뇨기종양, 요로결석, 전립선질환, 로봇수술","2020년 조선대학교 병원 조교수
2019년 조선대학교 병원 전임의
2018년 연세대학교 신촌 세브란스 병원 임상강사(전공분야 : 비뇨기종양학, 로봇 수술)
2015년 조선대학교 병원 비뇨기과 전공의 수료
2010년 조선대학교 의과대학 의학과 졸업

대한 비뇨의학회 정회원
대한 비뇨의학회 기획위원
대한 비뇨내시경로봇학회 정회원
대한 비뇨기종양학회 정회원"
비뇨의학과,정원식,7613e606e01a95946940b5852edac528.jpg,교수,"비뇨기종양, 배뇨장애, 요로결석, 요로감염, 내시경/복강경/로봇수술 (초진 환자는 오전 9시~11시, 오후 2시~3시만 예약 가능)","한양대학교 의학과 학사

청송의료원 부남면/안덕면 보건지소장
한양대학교병원 인턴/비뇨의학과 레지던트 수료
연세대학교 신촌세브란스병원 비뇨의학과교실 임상강사
연세대학교 신촌세브란스병원 비뇨의학과교실 임상연구조교수
광주기독병원 비뇨의학과 과장(2017.06-2021.05)
전남 도립 순천의료원 피부비뇨의학과 과장(2021.06-2022.06)
조선대학교병원 비뇨의학과 진료교수(2022.07-현재)

대한비뇨의학회 정회원
대한비뇨내시경로봇학회 정회원"
산부인과,최상준,최상준 교수님.jpg,교수,"고위험임신, 태아진단치료, 자궁근종·부인종양, 내시경수술, 여성요실금·골반재건수술, 골반통","<학력>
2006. 04 -  현재  조선대학교 의과대학 산부인과 교수
1999. 08 -  2000. 08  미국 예일 대학교 부속병원 산부인과 모체태아의학 박사후 과정 연수
1999. 02  전남대학교 대학원 졸업(박사)
1984. 02  조선대학교 의과대학 졸업
<경력>
2016. 06 - 현재         광주지방 검찰 자문위원,  법원 전문 심리위원
2015. 03 - 2016. 06  조선대학교 보건대학원장
2014. 06 - 2016. 06  조선대학교의학전문대학원장/의과대학장
2012. 09 - 2015. 08  보건복지부 독립적검토위원
2011. 12 - 2013. 12  조선대학교 부속병원 기획실장역임
2011. 09 - 2013. 09  조선대학교 교원징계 위원역임
2011. 05 - 2013. 05  조선대학교 정보통신위원회 위원역임
2009. 12 - 2011. 12  조선대학교 부속병원 진료부장역임
2006. 09 - 2009. 03  광주 경찰청원스톱 센터 운영위원역임
2005. 11 - 2007. 10  조선대학교 부속병원 홍보실장역임
2008. 05 - 2010. 05  조선대학교 의학연구소장역임
2004. 05 - 2005. 04  조선대학교 의과대학 교수협의회의장역임
2005. 03 - 2009. 02  조선대학교 병원 산부인과 과장역임
<학회 활동>
현 대한 산부인과학회회원
2008 - 현재   대한 주산기학회 이사
2007 - 현재   대한 산부인과초음파학회 상임이사
2014 - 현재   대한 산부인과초음파학회 호남지회장
2010. 04 - 2011. 04 대한 주산기학회 이사, 호남지회장 역임
2006 - 2010  대한 모체태아학회상임이사역임
2004 - 2007  대한 비뇨부인과학 편집위원
<표창>
2010 경찰청 감사장"
산부인과,안태규,798f4c0078e99e1d16ca66a2fa04b1c9.jpg,교수,"부인과종양학(유방-난소암, 자궁내막, 자궁경부암)","대한 산부인과 학회
대한 부인종양. 콜포스코피 학회"
산부인과,김수아,3c06432ac3f1426be471fae0812e02bb.jpg,교수,"폐경, 불임, 골다공증, 월경장애, 생식내분비학","조선대학교 의과대학 의학과 졸업
조선대학교병원 인턴 및 산부인과 전공의 수료
조선대학교병원 산부인과 전임의
현) 조선대학교병원 산부인과 부교수
전) 조선대학교병원 산부인과장

대한산부인과학회 정회원
대한생식의학회 정회원
대한폐경학회 정회원
대한골다공증학회 학술위원
대한산부인과내분비학회 학술위원
대한만성골반통학회 학술위원"
산부인과,최지현,097c9948ae8ef8bda9c95da0a402deed.jpg,교수,"모체태아의학, 일반산부인과",
산부인과,유현주,8ba4a59df89b41e457e443fdcd0d9f2b.jpg,교수,"모체태아의학, 일반산부인과",
성형외과,양정열,b965888030f5456ab1e41fa19acfda7a.jpg,교수,"선천성 기형, 두안면부외상(안면골절 및 두경부외상), 레이져성형",
성형외과,천지선,c532b71234026ace6ed9dc7f404c06ab.jpg,교수,"두경부종양, 두경부재건, 유방성형 및 재건, 미용성형, 안와골절, 상∙하악골절, 비골골절, 이마뼈골절, 피부암, 화상","조선대학교 의과대학 졸업
조선대학교 대학원 석사
조선대학교병원 인턴 수료
조선대학교병원 성형외과 전공의 수료
성형외과 전문의 획득
조선대학교병원 성형외과 임상교수
조선대학교병원 성형외과 조교수
조선대학교병원 성형외과 부교수(현재)
조선대학교병원 성형외과장 (현재)
2011.09 ~ 2012.08 - University of California, Irvine(U.C.I) 연수

대한성형외과학회 정회원
대한성형외과학회 수련교육위원회 위원
대한미용성형외과학회 정회원
대한미용성형외과학회 정보통신위원회 위원
대한두개안면성형외과학회 정회원
대한두경부종양학회 정회원
대한화상학회 정회원
대한미세수술학회 정회원
대한외상학회 정회원
대한성형외과학회 호영남지역학회 이사
대한성형외과학회 광주전남지역학회 이사"
성형외과,최우영,42e9ded02c8d8b0527819ef29f27bf62.jpg,교수,"하지재건(당뇨발), 미세수술, 수부 및 안면외상, 흉터, 구순구개열","대한성형외과학회 정회원
대한수부외과학회 정회원
대한미용성형외과학회 정회원

2021.08 ~ 2022.08 University of Califonia San Diego 연수
2016.05 ~ 2016.07 대구 W병원 단기연수
2014.03 ~ 2015.02 연세대학교 신촌 세브란스병원 임상연구 조교수
2013.03 광명성애병원 단기연수
2009.03 ~ 2013.02 조선대병원 성형외과 전공의
2005.03 ~ 2006.02 조선대병원 인턴
1999.03 ~ 2005.02 조선대학교 졸업"
성형외과,신동석,05cdef24a9b312a515d9d4ba1ba1097b.jpg,임상교수,"안면골절 및 두경부 외상, 흉터, 미용성형, 피부암, 화상",
소아청소년과,양은석,3a8bfcd0ca703113f8acd3aeb53f2e8c.jpeg,교수,"소아알레르기, 천식, 아토피피부염, 비염","2005 ~ 현 재  조선대학교 의학전문대학원 교수
2019 ~ 2021 조선대학교병원 부원장
2011 ~ 2013 조선대학교 병원 진료부장
1999 ~ 2005 조선대학교 의과대학 부교수
1995 ~ 1999 조선대학교 의과대학 조교수
1993 ~ 1995 조선대학교 의과대학 전임강사
1990 ~ 1993 군의관
1986 ~ 1990 조선대학교병원 인턴 및 소아과 전공의
1986         조선대학교 의과대학 졸업
1997         전남대학교 대학원 박사 학위취득
2000.11 ~ 2002.04 National Jewish Medical & Research center (Colorado, USA)
소아과 전문의
소아알레르기 호흡기 세부전문의

(현) 대한 소아과학회 정회원 및 평의원
(현) 대한 소아알레르기 호흡기학회 정회원
(현) 대한 소아알레르기 호흡기학회 광주 전남 지회장
(현) 대한 알레르기학회 정회원 및 평의원
(현) 아토피 천식 교육정보센터 지역보건사업지원팀 위원
(현) 한국천식알레르기협회 전라제주지부 부지부장
(현) 조선대학교병원 학대아동보호팀장
(현) 조선대학교병원 임상 심의 위원장
(전) 대한 소아알레르기 호흡기학회 법제위원
(전) 조선대학교 의학연구소 간사
(전) 조선대학교 의과대학 교수평의회 의장
(전) 조선대학교 보건진료소장"
소아청소년과,김은영,1b9f029f2828a02337d522916d7065a8.jpeg,교수,"소아내분비, 키작은아이, 당뇨병, 성조숙증","<학력>
2000년 조선대학교 대학원 의학박사
1995년 전남대학교 대학원 의학석사
1991년 조선대학교 의과대학 졸업

<경력>
2018년 ~ 2022년 조선대학교병원 소아청소년과장
2014년 ~ 현재 조선대학교 의학전문대학원/의과대학 교수
2007년 ~ 2008년 Joslin Diabetes Center, Havard University - Fellow (Boston, USA)
2007년 ~ 2013년 조선대학교 의학전문대학원 부교수
2003년 ~ 2006년 조선대학교 의과대학 조교수
2001년 ~ 2002년 조선대학교 의과대학 전임강사
2000년 ~ 2001년 조선대학교 부속 광양병원 소아과 과장
1998년 ~ 1999년 서울대학교병원 소아과 소아내분비학 fellow과정
1994년 ~ 1997년 조선대학교병원 소아과 레지던트

<학회활동 및 사회활동>
대한소아내분비학회 정회원
대한소아내분비학회 기획이사
대한소아내분비학회 학술위원
대한소아과학회 전문의 고시위원
대한소아과학회 정회원
대한소아내분비학회지 편집위원
아시아 태평양 소아내분비학회 정회원
당뇨병학회 정회원
대한내분비학회 정회원
질병관리본부 영유아검진 위원"
소아청소년과,조영국,2ec2a3a97ef9bcdbf5e6ecaa30856c34.jpg,교수,"가와사키병, 소아심장병, 소아부정맥, 흉통, 실신, 고혈압, 소아신장, 혈뇨, 단백뇨","<경력>
2023 ~ 현재 조선대학교병원 소아청소년과장
2020 ~ 현재 조선대학교병원 소아청소년과 부교수
2017 ~ 2020 더블유 소아청소년과의원 원장
2009 ~ 2017 전남대학교병원 소아청소년과 조교수/부교수
2007 ~ 2009 전남대학교/전남대학교병원 전임강사
2010 전남대학교 대학원 의학박사

<학회활동>
2002 ~ 현재 대한소아과학회 정회원
2006 ~ 현재 대한소아심장학회 정회원
2006 ~ 현재 대한 소아알레르기 및 호흡기학회 정회원
2006 ~ 현재 소아알레르기 및 호흡기 학회 광주전남지회 정회원
2007 ~ 현재 대한심장학회 정회원
2008 ~ 현재 소아심장학회 광주전남연구회 정회원
2010 ~ 현재 대한심초음파학회 정회원
2010 ~ 현재 호남심초음파학회 정회원

<수상경력>
2016. 4. 대한소아과학회 춘계학술대회. 제65차 추계학술대회 GSK 우수포스터상
2015. 10. 11th China-Korea-Japan Pediatric Heart Forum. Young Best Award
2008. 10. 대한소아과학회 추계학술대회. GSK 우수연제상"
소아청소년과,최민선,a79b1f462a63caf854b8cf65e4a76095.jpg,교수,"신생아, 예방접종, 미숙아, 선천기형","조선대학교병원 신생아실장
조선대학교병원 신생아 집중치료센터 센터장

대한소아과학회 정회원
대한 신생아학회 정회원
대한 주산의학회 정회원
대한의학유전학회 정회원"
소아청소년과,안지예,01b087f40beaa478b33a2188d77904dd.jpg,교수,"소아신경, 경련, 두통, 발달지연","<학력>
2013.09 - 2015.08 조선대학교 의과대학원 석사
2011.02 조선대학교 의과대학 의학과 졸업

<경력>
2022.03 - 현재            조선대학교병원 소아청소년과 조교수
2021.03 - 2022.02 조선대학교병원 소아청소년과 전임의
2020.03 - 2021.02 서울대학교 어린이병원 임상강사(전공분야: 소아신경과)
2016.03 - 2020.02 광주 우리아동병원 원장
2012.03 - 2016.02 조선대학교병원 소아청소년과 전공의 수료

<학회활동>
대한소아신경학회 정회원
대한뇌전증학회 정회원"
소아청소년과,주정연,bde9ebdbfedd45140f5ecc2691863ff7.jpg,교수,"소아소화기질환(만성 복통,설사,혈변,변비),만성염증성장질환(크론병,궤양성대장염),영양(비만,저체중),소아내시경","<학력>
2013.02 조선대학교 의학전문대학원 졸업
2018.02  조선대학교 대학원 의학과 박사
<경력>
2023.03- 현재 조선대학교병원 조교수
2021.03-2023.02 이화여자대학교 서울병원 진료조교수
2019.03-2021.02 분당서울대학교병원 소아소화기영양분과 전임의
2014.03-2018.02 조선대학교병원 소아청소년과 전공의
<활동>
대한소아과학회 정회원
대한소아소화기영양학회 정회원
소아소화기영양분과 세부전문의
소아내시경 세부전문의"
소아청소년과,고영권,ad8f79ce5745b2e4b74f8c0ff6204736.jpg,교수,"소아혈액종양, 백혈병, 림프종, 고형암, 혈관종","[학력]
2012.02 조선대학교 의과대학 의학과 학사
2017.08 조선대학교 대학원 의학과 박사

[경력]
2012.03-2017.02 조선대학교병원 인턴, 레지던트
2017.03-2018.02 파주미래아동병원 원장
2018.02-2021.04 육군 군의관
2021.05-2023.02 서울아산병원 소아종양혈액과 임상강사
2023.03-2023.08 조선대학교병원 임상전문교수
2023.09- 현재 조선대학교 의과대학 의학과 조교수 (소아청소년과학교실/소아혈액종양)

[활동]
대한소아청소년과학회 정회원
대한소아혈액종양학회 정회원
대한혈액학회 정회원
대한소아뇌종양학회 정회원
대한조혈모세포이식학회 정회원

[수상 경력]
ICBMT 2021 우수포스터상
ICBMT 2022 우수연제상
2022 제72차 대한소아청소년과학회 추계학술대회 우수포스터상
ICBMT 2023 우수연제상"
소아청소년과,김가희,c54cc3a592cceb2d449d379e2f70c547.jpg,교수,"소아감염, 발열, 감염성질환, 예방접종(일반/특수), 결핵, 불명열","<학력>
2019.08 조선대학교 의과대학 의학과 박사과정 수료
2016.02 조선대학교 의학전문대학원 졸업

<경력>
2021.03-2023.02 서울아산병원 소아청소년과 소아감염분과 임상강사
2016.03-2021.02 조선대학교병원 인턴, 소아청소년과 전공의

<활동>
대한소아감염학회 정회원
대한소아과학회 정회원"
소아청소년과,민성용,7b073b2928d10d31ee8745047f745dfe.jpg,교수,"신생아, 소아내분비","2021. 02. 조선대학교병원 소아청소년과 전공의 수료
2017. 02. 조선대학교병원 인턴 수료
2016. 02. 조선대학교 의학전문대학원 졸업"
소아청소년과,박인비,23f8421c1370375304ec2515524a25da.jpg,교수,"신생아중환자, 소아응급",
소아청소년과,홍가현,795092bef268bc7b81a4fd81a44ebf79.jpg,교수,"신생아중환자, 소아응급",
신경과,김진호,신경과 김진호.jpg,교수,"파킨슨병, 수전증, 이상운동질환, 윌슨병, 두통","전) 조선대학교병원 신경과 과장
2017.12~2019.12 조선대학교병원 부원장
2010.6 조선대학교 의과대학부학장 겸 의학전문대학원 부원장
2001.9~2002.8 미국 Emory University. Neurodegenerative Disease Center 연수
대한 신경과학회 정회원
대한 뇌졸중학회 정회원
대한 임상신경생리학회 정회원"
신경과,김후원,신경과학 김후원.jpg,교수,"두통, 치매, 뇌전증, 수면장애","현) 조선대학교병원 신경과 교수
전) 조선대학교병원 신경과장
현) 조선대학교병원 뇌신경치매센터장

2001년 전북 익산시 익산병원 신경과 과장 재직
2000년 서울삼성서울병원 신경과 간질,수면 전임의 과정 수료
1999년 을지의과대학 신경과교실 레지턴트 과정 수료
1995년 전남 곡성군 목사동면 보건지소 공중보건의 수료
1992년 전남대학교병원 인턴과정 수료
1991년 전남대학교 의과대학 졸업"
신경과,안성환,c30f206d189e9648ecfdbfe7206f62b6.jpg,교수,"급성뇌졸중 (혈전용해치료, 뇌졸중집중치료), 뇌졸중예방,뇌혈관질환","<학력>
2005.03 - 2008. 07 조선대학교 의과대학원 박사
1998.03 - 2001. 02 조선대학교 의과대학원 석사
1997.02 조선대학교 의과대학 졸업

<경력>
2020. 1 - 조선대학교병원 뇌졸중(중풍)센터장
2018. 7 - 조선대학교의과대학임상의학과장,교육부장.
2018. 3 - 조선대학교의과대학신경과학교실교수
2013. 4 - 2018. 2조선대학교의과대학신경과학교실부교수
2013.11 - 2015.2 캐나다캘거리대학병원 Department of Neuroscience 연구전임의
2009.3 - 2013. 2 조선대학교의과대학신경과학교실조교수
2007.3 - 2009. 2 조선대학교의과대학신경과학교실전임강사
2005.5 - 2006.2 연세대신촌세브란스병원신경과뇌졸중전임의
1998.3 - 2002.2 조선대학교병원신경과전공의수료

<학회활동>
대한신경과학회정회원
대한뇌졸중학회특임이사, 기획위원
대한신경초음파학회편집위원
유럽뇌졸중학회정회원
미국뇌졸중학회정회원"
신경과,정지연,fb218e057f5bbfd66e863392137ff948.jpg,교수,"두통, 치매, 어지럼증","조선대학교 의과대학 의학과 졸업
조선대학교병원 인턴
조선대학교병원 신경과 전공의
조선대학교병원 신경과 전임의
조선대학교 의과대학 신경과 조교수

대한신경과학회 정회원
대한치매학회 정회원
대한두통학회 정회원
대한평형의학회 정회원"
신경과,봉정빈,4c4730594e5f8a0ce6697ae644acc242.jpg,교수,"말초신경 및 근육질환, 중증근무력증, 척수질환","<학력>
2014.09 – 2016.08 조선대학교 의과대학원 석사
2012.02 조선대학교 의과대학 의학과 졸업

<경력>
2020.03 – 조선대학교 의과대학 신경과학교실 조교수
2019.04 – 2020.02 조선대학교병원 신경과 전임의
2018.03 – 2019.02 연세대학교 신촌세브란스병원 신경과 임상강사 (전공분야: 신경근육질환)
2013.09 – 2017.08 조선대학교병원 신경과 전공의 수료

<학회활동>
대한신경과학회 정회원
대한근전도·전기진단의학회 정회원
대한임상신경생리학회 정회원
대한신경근육질환학회 정회원
대한신경면역학회(구, 대한다발성경화증학회) 정회원
대한통증·자율신경학회 정회원"
신경과,황병욱,11bfe3683212ac918ed53a858990e13d.jpg,임상교수,"두통, 어지럼증, 일반신경과",
신경과,이민아,57669e38b8b8481bf39e596785545dd5.jpg,임상교수,"두통, 어지럼증, 일반신경과",
신경외과,이승명,신경외과 이승명.jpg,교수,"척추종양, 퇴행성척추증, 척추관협착증, 목·허리디스크, 목·요추외상","현) 조선대학교 의과대학 신경외과학교실 주임교수
현) 조선대학교병원 척추센터장
현) 대한신경외과학회 상임이사
현) 대한척추신경외과학회 상임이사
현) 대한최소침습척추학회 고문
현) 대한신경통증학회 상임이사
현) 대한신경손상학회 상임이사
현) 대한노인신경외과학회 상임이사
현) 대한외상학회 상임이사
현) 의료감정학회 상임이사
현) 대한경추연구회 운영위원
현) 근로복지공단 광주지역본부 자문의사 협의회 위원.의료자문위원
현) 심사평가위원회 비상근 심사위원 및 의료분쟁 지역심사위원
현) 의료사고감정단 자문위원
역임) 대한최소침습척추학회 제11대 회장
역임) 대한척추신경외과학회 호남지회 초대회장"
신경외과,김석원,3f63bc49a9d85457636062929115a668.jpg,교수,"목·허리디스크, 척추관협착증, 외상, 척추 전방전위증, 후종인대 골화증","2019 ~ 2021 조선대학교병원 기획실장
2017 ~ 2019 조선대학교병원 진료부장
미국단기연수 Prof. Mac Afee
미국 Miami university 연수 (Prof. Levi)
심사평가원 자문위원
한미 척추학회 Follwship 상 수상2007
대한신경외과학회 최우수논문상 수상2008
대한척추신경외과학회 최우수논문상 수상2013
Korean Journal of Internal Medicine best clinical image 학술상 수상2014
대한류마티스학회 학술대회'에서 최우수 임상화보상을 수상2014
대한신경손상학회 구연 학술상 수상2014
세계3대 인명사전인 미국 ‘마르퀴스 후즈 후 인더월드 (Marquis who’s in the world)’등재 2015, 2018
현 조선대학교병원 신경외과 교수
현 대한신경외과학회 정회원 및 교육위원
현 대한신경손상학회 상임이사
현 대한척추신경외과학회 편집위원
현 대한노인신경외과학회 감사
현 대한외상학회 정회원
현 대한최소침습척추수술연구회 정회원"
신경외과,주창일,신경외과 주창일.jpg,교수,"내시경 척추수술(최소침습), 척추종양, 척추변형(척추측만증), 선천성 척추기형","조선대학교 신경외과 교수 (의학박사)
2020.03 ~ 현) 신경외과 과장
2020.05 ~ 현) 최소 침습 척추 클리닉실장

현) 대한신경외과학회 정회원
현) 대한척추 미세침습 수술학회 정회원
현) 대한척추 인공관절 학회 정회원
현) 대한척추 신경외과 학회 장애평가 상임이사
현) 대한최소침습척추학회 (KOMISS) 재무이사
현) 대한경추연구회 윤리이사
현) 대한척추내시경학회(KOSESS) 총무
현) 대한척추골다공증연구회 운영위원
현) 대한척추종양연구회 운영위원
현) 대한척추변형연구회 운영위원
현) 대한척추신경외과학회 호남지회 총무
현) AOspine 학회 정회원
현) 국제 척추인공관절학회 Spinal Arthroplasty Society (SAS) 정회원
현) 국제 미세 척추수술 학회 International society for Minimal intervention in spinal surgery(ISMISS) 정회원
현) 북미 척추 학회 North American spine Society (NASS) 정회원
현) 미국 신경외과 학회 (American Association of neurological surgery :AANS) international member

<해외연수>
2015. 9. 1. – 2015. 11. 21. 영국 런던 왕립대학 가이병원 (Guy’s hospital, King’s college) AOSpine fellowship 수료
2011. 10. 1. – 2012. 2. 28.  HokkaidoUniversity(Prof. KazutoshiHida) 연수
2011. 3.2 – 2011. 9. 30.   도쿄 대학 연수
2011. 1. - 2012. 2. 28. 일본 다케다 장학생 선발 연수
2007. 11. 독일 Dr. Thomas Hoogland, Alpha Klinik, 뮌헨, 내시경 척추 수술 연수
2006. 11. 프랑스 Bordeaux Hospital Spine surgery 연수"
신경외과,김비오,6618061694f1e0d38ce0b54f145526ad.jpg,교수,"내시경 척추수술(최초침습), 미세척추시술, 척추디스크 및 협착증, 외상","대한신경외과학회 정회원
대한척추신경외과학회 정회원
대한최소침습척추학회 정회원
대한척추신경외과학회 경추연구회 종신회원
대한 신경통증학회 정회원"
신경외과,서종훈,8bc1d4739d0faf803d47d80d38f85189.jpg,교수,"내시경 척추수술(최소침습), 척추디스크 및 협착증, 외상","대한신경외과학회 정회원
대한척추신경외과학회 종신회원
대한최소침습척추학회 정회원
대한척추신경외과학회 경추연구회 정회원
대한신경통증학회 정회원
호남척추내시경학술연구회 감사"
신경외과,김종규,fb13e55bea5d853e381fe7e0fe6d26f6.JPG,교수,"뇌종양, 소아신경외과, 두부외상, 뇌전증, 기능신경외과","(현) 조선대학교병원 신경계중환자실장
대한 뇌종양 학회 정회원
대한 뇌기능 정위학회 상임이사
대한 뇌기죄학회 상임이사
2008. 08 ~ 2009. 08 미국 클리브랜드 클리닉 뇌기저센타 연수"
신경외과,하상우,하상우-신경외과임상교수.jpg,교수,"뇌혈관질환, 운동질환, 통증수술, 정위기능신경외과(뇌심부 자극술, 척수자극술, 척추강내 펌프삽입술), 두부외상, 혈관내수술","조선대학교 의과대학 졸업
서울성모병원 임상강사
조선대학교병원 임상교수
(현) 조선대학교병원 조교수
(전) 조선대학교병원 진료지원2팀장
대한신경외과학회 정회원
대한뇌혈관외과학회 정회원
대한뇌혈관내수술학회 정회원
대한신경중재치료학회 정회원
대한정위기능신경외과학회 정회원
대한두통학회 정회원
대한뇌졸중학회 정회원
대한뇌혈관학회 뇌혈관내수술 인증의
대한신경중재치료의학회 신경중재치료 인증의
급성뇌경색치료연구회 홍보,간행이사
대한말초신경학회 특별이사
대한정위기능신경외과학회 분과위원(뇌전증)"
신경외과,김재호,4970d04d69ef4c869d0bf479d83ee5c9.jpg,교수,"뇌혈관질환(뇌경색,뇌출혈), 뇌동맥류, 뇌동정맥기형, 뇌동정맥류, 모야모야병, 혈관내수술, 경동맥협착, 뇌혈관협착, 해면혈관종, 두부외상","[ 학력 ]
조선대학교 의과대학 의학과 학사 (2011)
연세대학교 의과대학 의학과 석사 (2021)

[ 경력 ]
조선대학교 병원 인턴 및 신경외과 전공의 (2016)
연세대학교 강남세브란스병원 신경외과 뇌혈관외과 강사 (2019)
연세대학교 강남세브란스병원 영상의학과 신경중재시술 임상연구조교수 (2020)
연세대학교 강남세브란스병원 신경외과 진료교수 (2021)

[ 수상내역 ]
2020 대한뇌혈관외과학회 우수연제상
2021 대한뇌혈관외과학회 우수연제상
2021 연세대학교 의과대학 의학과 석사 최우수학술상"
신경외과,김학성,b9aeb7037b8c56cdf98a4878f9dbe574.jpeg,교수,"뇌혈관 질환(뇌동맥류, 뇌혈관 협착), 허혈성 뇌졸증, 뇌혈관내 중재적 시술, 경동맥 협착(경동맥 내막절제술), 뇌출혈, 뇌종양, 두부 외상",
신경외과,김치호,40f7c80f0637d88e75c81a9a62146445.jpg,교수,"척추질환, 뇌혈관질환, 외상(뇌, 척추)",
심장혈관흉부외과,이석기,4827386809d6b77bf6818d2067f9d84b.jpg,교수,"일반흉부외과 : 기흉, 농흉, 다한증 / 외상 & 중환자   / 심장혈관외과","대한흉부학회 정회원
조선대학교 의과대학 교수"
심장혈관흉부외과,서홍주,25c0c8d7fafbd84ea10494739d9f3df6.jpg,교수,"심장혈관외과 : 판막, 대동맥 스텐트 삽입술 / 일반흉부외과 : 흉부종양수술, 기흉, 농흉","조선대학교 의과대학 졸업
조선대학교 대학원 석사, 박사 취득
조선대학교 병원에서 인턴 수료
조선대학교 병원 흉부외과에서 레지던트 수료
2003년부터 2005년까지 부천세종병원에서 전임의 수료
2005년부터 조선대학교 병원 진료
조선대학교 의과대학 조교수
중앙일보 2011 관상동맥우회술 명의 선정(2011.10)
(전) 조선대학교병원 흉부외과장"
심장혈관흉부외과,정재한,442b0f1ad91940e97dc288ef6a366312.jpg,교수,"심장혈관외과 : 관상동맥, 판막, 대동맥, 부정맥, 최소침습수술 / ECMO (에크모) 치료","< 학     력 >
2016 강원대학교 대학원 의학석사
2005 조선대학교 의과대학 졸업

< 경     력 >
2021.07.01. ~ 조선대학교병원 흉부외과장
2016.09.01. ~ 조선대학교 조교수
2015.03.01. ~ 2016.08.31. 조선대학교병원 임상전문교수
2013.03.01. ~ 2015.02.28. 한림대학교성심병원 임상조교수
2010.03.01. ~ 2013.02.28. 삼성서울병원 임상강사
2006.03.01. ~ 2010.02.28. 한림대강동성심병원 전공의
2005.03.01. ~ 2006.02.28. 한림대학교성심병원 인턴
"
안과,고재웅,73428a8b2b1ee5f7dc88b06232302422.jpg,교수,"각막, 외안부, 백내장","조선대학교 안과광학의료기기글로벌화지원사업단 단장
대한안과학회 정무이사
일본 오사카 대학 연수
미국 UCLA (Jules Stein Eye Institute) 교환교수"
안과,김대현,김대현 교수-수정.jpg,교수,"사시, 약시, 복시, 신경안과, 백내장","조선대학교병원 안과장
조선대학교 의과대학 안과학교실 주임교수
2010 일본 하마마쯔 의과대학 연수
대한안과학회 정회원
한국사시소아안과학회 정회원
한국신경안과학회 정회원
한국백내장굴절수술학회 정회원
미국사시소아안과학회 정회원
미국신경안과학회 정회원
근로복지공단 자문위원
대한안과학회 전문의고시 출제위원
대한안과학회 논문상 수상
미국안과학회 (AAO) 최우수학술상 수상"
안과,양성원,양성원09.11..jpg,교수,"누기, 눈꺼풀, 눈주변부종양, 갑상선안증, 안성형, 안와골절, 미용성형, 백내장","현)대한안과학회 정회원
미국안과학회 international member
대한성형안과학회 국제교류이사
대한 백내장굴절학회 정회원
대한 콘택트렌즈학회 정회원
대한 신경안과학회 정회원

대한안과학회 대의원
대한성형안과학회 홍보이사
광주전남 안과지회 총무이사
법원 전문심리위원 후보자
의사국가고시 실기시험 채점위원

2013년 7~8월 일본 북해도 대학병원 안과 연수
2013년 미국안과학회 최우수논문상 수상
제 3판 대한성형안과학 공저"
안과,김성택,김성택안과임상.jpg,교수,"망막, 포도막, 황반변성, 당뇨망막병증, 녹내장","조선대학교 의과대학 부교수
조선대학교 의과대학 학생부장
한국망막학회 부총무
Journal of Retina 편집위원"
안과,천지웅,3634b92c842cd52ebe092e2d7f301356.jpg,교수,망막,
안과,박범찬,05263d94780a5ed4d89707f7d44717ec.jpg,임상교수,"망막, 포도막, 황반변성, 당뇨망막병증, 백내장, 안외상",
영상의학과,김진웅,6eb60d1236dd1da0881cd1632a441ca2.jpg,교수,"복부영상의학,고주파열치료술, 초음파유도하조직검사","<학력>
전남대학교 의과대학 졸업
전남대학교 대학원 의학과, 석사학위취득
전남대학교 대학원 의학과, 박사학위취득

<경력>
전남대학교병원 진단방사선과 전공의
국군계룡대지구병원 진단방사선과 과장
전남대학교병원 영상의학과 전임의
전남대학교 의학과 영상의학교실 임상조교수
전남대학교 의학과 영상의학교실 부교수
현)조선대학교 의학과 영상의학교실 주임교수

<학회활동>
현)보험이사, The Korean Society of Image-guided Tumor Ablation (대한ITA영상의학회)
현)보험위원, The Korean Radiological Society (대한영상의학회)
현)연구위원, The Korean Liver Cancer Association (대한간암학회)
전)학술위원, The Korean gastric cancer association (대한위암학회)
Member, Radiologic Society of North America (북미방사선의학회 정회원)
Member, Korean Radiological Society (대한영상의학회 정회원)
Member, Korean Society of Abdominal Radiology (대한복부영상의학회 정회원)
Member, Korean Society of Medical Ultrasound (대한초음파의학회 평생회원)

EDITORIAL BOARDS
January 2017 – present	Reviewer, European Journal of Radiology
January 2018 – present 	Reviewer, Journal of Vascular and Interventional Radiology
January 2012 - present	Reviewer, Korean Journal of Radiology
January 2022 - present	Reviewer, Ultrasonography

<수상내역>
북미방사선의학회 학술대회[Scientific Assembly and Annual Meeting of the Radiological Society of North America (RSNA)], Magna Cum Laude, Cum Laude, Certificate of Merit, 및 Excellence in Design award 12회
2020 International Society for Magnetic Resonance in Medicine 1등상 수상
대한영상의학회 학술대회 (Korean Congress of Radiology), Grand Prix 및 Silver prize 4회
대한영상의학회 ITA 학술대회 (Korean Society of Image-guided Tumor Ablation) 우수논문상 및 최우수전시상 2회"
영상의학과,송상국,4ae458843401544b3661a15ab757b81c.jpg,교수,"근골격 영상의학, 인터벤션 영상의학",
영상의학과,김현철,644dd278139c9e89e31817d4ff8224ca.png,교수,신경두경부 영상,"[학력]
1993. 2 전남대학교 의과대학 졸업
1994. 2 전남대병원 인턴 수료
1999. 2 전남대학교 의과대학원 석사과정 이수 및 석사학위 취득
2001. 1 진단방사선과 전문의 자격 취득
2001. 2 전남대병원 진단방사선과 레지던트 과정 수료

[경력]
2001. 3 전남 여수시 성심병원 진단방사선과 과장
2005. 3 전남 순천시 성가를로 진단방사선과 과장
2015. 3 전남 광양시 사랑병원 영상의학과 과장
2017. 3 광주광역시 보훈병원 영상의학과 과장"
영상의학과,윤은주,4ed5319ce2aaf85335ba1154806c8c85.jpg,교수,"비뇨 생식기 · 유방 영상, 초음파유도하조직검사",
영상의학과,김정명,0e3e4d4a8fa4008898003ad0c89d9dce.jpg,교수,인터벤션 영상의학,
영상의학과,전수진,4bcb163da9ea2040226529e2dcff8669.jpg,교수,"흉부영상, 유방영상",
영상의학과,선현주,b00d2dc5e3dbeac58f4763bd4b2fd07f.jpg,교수,흉부영상의학,"2005.03~2006.02 전) 전남대학교병원 영상의학과 전임의
2006.03~2018.04 전) 전남대학교병원 영상의학과 전임강사
2008.05~2013.02 전) 전남대학교병원 영상의학과 교수
2013.03~2017.01 전) 화순전남대학교병원 영상의학과 교수
2017.03~2019.08 전) 조선대학교병원 영상의학과 교수

2005.03~ 현) 대한영상의학회 정회원
2005.03~ 현) 대한 흉부영상의학회 정회원"
영상의학과,변주남,f785ba10a45526004a1696c31e7224fd.jpg,교수,일반영상의학,
영상의학과,홍준형,ae9f6b8174be2de3b45a6881301d8102.JPG,교수,"복부영상의학, 비뇨생식기 영상의학, 신경두경부영상의학, 응급영상의학","전남대학교 의과대학 졸업
전남대학교 대학원 의학과 석사학위 취득

전남대학교병원 영상의학과 전공의
함평국군병원 영상의학과 과장
전남대학교병원 영상의학과 전임의
전남대학교병원 영상의학과 임상진료교수
상무병원 영상의학과 원장

대한복부영상의학회 정회원
대한응급영상의학회 정회원"
외과,민영돈,afdc955fb20147d14037afcd5e79269c.jpeg,교수,"상부위장관외과 (위암, 식도암)","(현) 조선대학교 총장
2011.12- 2013.11 제 19대 조선대학교병원장
2011.5- 현)사단법인 장기기증재단 이사장
2009.12- 2011.11 조선대학교병원 부원장
2005.4- 조선대학교병원 기획실장
2005.3- 조선일보, 위암분야 명의 선정
2005.2- 조선대학교병원 외과과장
2003.10.- 2011.5 조선대학교 방사선응용진흥센터 소장(과학기술부 지정 광주전남 싸이클로트론 연구소장)
2003.7.- 조선대학교 학술연구위원회 위원
2003.3.- 조선대학교 기초의과학연구센터(MRC) 운영위원
2001.8.-2002.7. 조선대학교 교수협의회 부의장
2001.7.-2002.6. 조선대학교 의과대학 교수협의회 의장
1998.11.-2001.2. 조선대학교병원 홍보실장
1997.7. 국방부 군의무자문관
1997.2.-2001.2. 조선대학교병원 외과 과장
1996.11.-1998.10. 조선대학교병원 교육부장
1995.3.-1996.2. 미국 University of California at San Francisco 연수
1990.2.-1990.5. 미국 State University of New York at Brooklyn 연수
대한위암학회 상임이사(홍보분과위원장)
대한외과학회 정회원
대한소화기학회 정회원
대한위암학회 이사
대한암학회 정회원
국제위암학회 정회원
국제소화기외과학회 정회원"
외과,김권천,23ce8cc497b0f826ef7ea9b0f7b9e6f3.jpg,교수,"유방, 갑상선 외과 (유방암 및 종양, 갑상선암)","현) 외과학교실 주임교수
현) 한국유방암학회 회장
대한갑상선내분비외과학회 부회장
한국유방암학회 윤리이사
대한갑상선 내분비외과학회 정보관리이사
한국유방암학회 국제이사
의과대학 교수협의회 부의장
한국유방암 진료 권고안 위원회 위원장
2019년 ~ 현) 대한외과학회 광주전남 외과지회장
2012.2 ~ 현) kbs방송국 의료 자문위원
국내 최초 근로복지공단으로부터 유방암 환자 산업재해 인정 받음 (2012)
대한갑상선내분비외과학회 우수 논문상 수상 (2012)
제17대 조선대학교병원 교육연구부장 역임
2007년도 대한외과학회지 편집위원
2006년도 서울대병원 갑상선암 클리닉 연수
2006년도 조선일보사, 갑상선암 분야 명의 선정
2005년도 조선일보, 유방암분야 명의 선정
2003.8월 중국 위생부산하 중일우호병원, 유방암 영역의 전기화학요법(EchT:electrochemical therapy) 연수
2003년도 동아일보사 베스트닥터(유방암) 선정
미국 텍사스 M.D Anderson 암센터 유방암 클리닉 연수(2001-2002)
대한외과학회 우수논문상 수상(1999)
일본 암센터 유방암 클리닉 연수(1996)
서울대병원 유방암 클리닉 연수(1995)
한국유방암학회 부회장
국제 내분비외과 정회원
한국유방암학회 회원
대한 내분비 외과학회 이사
대한 외과학회 정회원
일본 유방암학회 회원"
외과,김경종,29ee8e2bb0b65836fcb4aa788dc50210.jpg,교수,대장 · 항문외과,"(현) 조선대학교병원장
조선대학교 의과대학 교수
외과 전문의 및 내시경 전문의
대한 외과학회 평생회원
(전) 조선대학교병원 암센터장"
외과,류성엽,29e16300516dfa85b49e3677d05ea016.png,교수,"상부위장관외과 (위암, 식도암), 비만·대사 수술","현)조선대학교병원 외과 교수
전남대학교의과대학 학사,석사,박사
전남대학교병원 위장관외과 전임의(2001)
전남대학교 의과대학 기금교수(2005~2020)
전남대학교병원 위장관외과 분과장(2016~2020)
화순전남대학교병원 외과장(2016~2018)
대한위암학회, 제7회 사노피-아벤티스 우수논문발표상(2006)
대한위암학회, 제10회 사노피-아벤티스 우수논문발표상(2008)
대한위암학회, 제11회 사노피-아벤티스 우수논문발표상(2008)
제20차 대한내시경복강경학회 춘계학술대회, 우수연제학술상(2007)
제22차 대한내시경복강경학회 춘계학술대회, 우수구연상(2008)
제68회 대한외과학회 추계통합학술대회, 창의적 수술비디오 부분, 최우수상(2016)
대한위암학회.대한복강경위장관연구회:복강경 위전절제술- 국내 최초 수술시연(live surgery)
조기위암의 Reduced port gastrectomy” 수술 시연(live surgery: 2017)
<특허>
운드리트렉터를 겸비한 멀티채널 트로카(No.10-1022754)(2011)
사후 모니터링 기능이 있는 트로카용투침(No. 10-1790171)(2017)
서울대학교 의예과 초빙강사,몸속으로의 여행(2015~ )
<학회활동>
대한외과학회이사
대한외과학회술기연구회 위원
대한위암학회 이사
대한내시경복강경학회상임이사
대한대장학문학회평생회원
대한비만대사수술학회평생회원
대한암학회 회원"
외과,문성표,c6d1eff1ff560b112882d0bd9390879b.jpg,교수,"외상, 중환자관리, 뇌사자관리, 급성복부질환, 일반외과(탈장, 피부밑덩이)","(학력)
2010년-조선대학교 의과대학 대학원 의학과 (의학박사)
2000년-조선대학교 의과대학 대학원 의학과 (의학석사)
1996년-조선대학교 의과대학 졸업
(경력)
2020-현재: 조선대학교 병원 중증외상센터장
2019-2022: 조선대학교 병원 외과장
2004-현재: 조선대학교 의과대학 외과학교실 교수
2018년: 중환자의학 세부전문의 취득
2015년: 외상외과 세부전문의 취득
2010-2012년: 미국 스탠포드 외상센터 연수
2001-2004년: 공중보건의사
2001년: 외과전문의 자격 취득
1996-2001년: 조선대병원 인턴 및 외과 레지던트수련
(학회)
대한 외과학회 정회원
대한 간담췌외과 정회원
대한 외상중환자외과학회 정회원
대한 외상학회 정회원"
외과,최남규,외과-최남규2011.jpg,교수,간담췌외과 (이식),"[경력]
(전) 조선대학교병원 부원장
(전) 조선대학교병원 진료부장
(현) 조선대학교병원 장기이식센터장
2017.03 ~ 2019.12　조선대학교병원 교육연구부장
2010.03 ~ 2011.02　강릉아산병원 조교수대우
2010.03 ~ 2011.01　울산대학교 강릉아산병원 조교수대우
2007.04 ~ 2010.02　서울아산병원 임상강사
2006.05.01~2007.02.28   순천향대학교 부천병원 임상강사

[학력]
2006.04.19~2008.04.18   순천향대학교 석사 졸업
1999.03.01~2003.02.28   순천향대학병원 레지던트
1998.03.01~1999.02.28   순천향대학병원 인턴
1990.03.02~1996.02.23   순천향대학교졸업"
외과,유영선,[4]유영선.jpg,교수,"혈관외과 (말초혈관질환, 복부대동맥질환, 투석접근로, 혈관외상)","조선대학교병원 외과 부교수 (2018-현재)
조선대학교병원 외과 조교수 (2012-2017)
분당서울대학교병원 혈관외과 전임의 (2011)
조선대학교병원 외과 전임의 (2010)
조선대학교병원 외과 전공의 (2006-2009)
조선대학교병원 인턴 (2002)
조선대학교 의과대학 의학과 박사 (2015)
조선대학교 의과대학 의학과 석사 (2009)
조선대학교 의과대학 의학과 학사 (2002)
대한외과학회 평생회원
대한혈관외과학회 정회원
대한혈관외과학회 이사
대한혈관외과학회 편집위원"
외과,김유석,0cda1c0235aec3eb95e6f85579b23856.jpg,교수,"유방, 갑상선 외과 (유방암, 갑상선암, 갑상선양성질환, 부갑상선질환)","2014.7. 서울아산병원 내분비외과 단기 의료교류
2014.3.~ 조선대학교병원 외과 조교수
2013.3.~2014.2. 서울아산병원 유방,내분비외과 임상강사
2012.5.~2013.2. 조선대학교병원 전임의
대한외과학회 평생회원
한국유방암학회 정회원
-            학술위원회위원
-            통계위원회위원
-            윤리위원회간사
대한갑상선내분비외과학회 정회원
-            편집위원회위원
-            학술위원회위원
-            고시위원회위원
-            임상시험위원회위원
대한외과초음파학회 정회원
-            연구위원회간사
-            편집위원회위원
대한신경모니터링학회 정회원
""2018년 동아일보 선정 베스트닥터"""
외과,신민호,406e83813b46ff02a8c4c54ce321cc36.JPG,교수,"간담췌외과 (이식, 복강경)","2016.3. ~ 현재 조선대학교 병원 간담췌 및 이식외과(최소침습수술) 임상교수
2013.3. ~ 2016.2 서울아산병원 간담도 및 간이식외과 임상강사
2009.3. ~ 2013.2 조선대학교 병원 외과 전공의
2005.2. 조선대학교 의과대학 졸업
한국간담췌외과학회 정회원
대한이식학회 정회원
대한내시경복강경외과학회 윤리위원회 간사"
외과,김영훈,03c1c6b106dfd7619f6f48190fae3840.jpg,교수,대장 · 항문외과,
외과,박민서,0a3112ae9736b9939b465c7f5339fcb6.jpg,임상교수,대장 · 항문외과,
응급의학과,조수형,6efdee82328fa2ef8efaf91b3f32a5af.jpg,교수,"중환자처치, 중독처치","대한응급의학회 회원
대한외상학회 회원
대한중환자학회 회원

현) 광주응급의료지원센터장
전) 조선대학교병원 권역응급의료센터장
전) 조선대학교 의과대학 부학장
2015.07.02. ~ 07.10. 광주 유니버시아드대회 의무담당관
2011.12. ~ 2013.11. 조선대학교병원 홍보실장
2009.03. ~ 2011.02. 조선대학교병원 응급의학과장"
응급의학과,김성중,cd72aa333bdac346ae56f39a120dfb98.jpg,교수,"전문소아구조술, 사회응급의학","대한응급의학회 회원
대한외상학회 회원
대한중환자학회 회원

현) 중앙응급의료센터장
전) 조선대학교병원 권역응급의료센터장
전) 조선대학교병원 기획실장
전) 조선대학교 대외협력처장
2017.03. ~ 2019.02. 조선대학교병원 응급의료센터장
2015.02. ~ 2017.02. 조선대학교병원 응급의학과장
2012.09. ~ 2014.01. 조선대학교 학생처장"
응급의학과,김선표,d6cbe4d7410ead3064e7b617bf942770.jpg,교수,"전문외상처치술, 일반 응급의학","대한응급의학회 회원
대한외상학회 회원
대한중환자학회 회원
현) 대한응급의학회 재무이사

전) 조선대학교병원 대외협력실장
전) 조선대학교병원 의료질관리실장
현) 조선대학교병원 응급의학과장"
응급의학과,선경훈,10bf2cac5b276fddca9a14a4a561ff4e.jpg,교수,"심장·뇌혈관 질환 응급, 소생의학, 중증외상","현) 조선대학교 의과대학 응급의학교실 부교수
2016.09 ~ 2022.09 조선대학교 의과대학 응급의학교실 조교수
2015.03 ∼ 2016.02 전) 인제대학교 해운대백병원 응급의학과 조교수
2010.05 ∼ 2013.04 전) 순천한국병원 응급의학과장 (공중보건의)

조선대학교 의학박사
대한응급의학회 정회원
대한외상학회 평생회원
대한임상독성학회 정회원
대한소아응급의학회 정회원
한국심초음파학회 정회원 및 심초음파 인증의
대한중환자의학회 평생회원
응급중환자실(EICU) 전담 전문의
외상(Trauma)학 세부전문의
소아응급의학 세부전문의
중환자의학 세부전문의"
응급의학과,최웅지,2a97babf7ddeffa68dbab7cbf78769be.jpg,교수,응급의학,"2002년 2월 조선대병원 인턴수료
2006년 2월 조선대병원 응급의학과 전공의 수료
2010년 5월 전북응급의료정보센터 공중보건의
2011년 2월 목포기독병원 응급의학과장 역임
2012년 2월 광주첨단병원 과장 역임
2013년 2월 광주굿모닝병원 과장 역임
2018년 2월 광주씨티병원 과장 역임
2022년 2월 무안종합병원 과장 역임"
응급의학과,류창연,68899974064ea8f374096b131f58d799.jpg,교수,응급의학,
응급의학과,황인훈,65bb890465e7cc54586c32922819fead.jpg,교수,응급의학,
응급의학과,김준형,e335b40c2a3394a0215436a22fd270ef.jpg,교수,응급의학,
이비인후과,조성일,cca249eddc3744f16b284e1784807f81.jpg,교수,"난청, 인공와우이식, 중이염, 안면마비, 어지럼, 두개저종양","2008.07~2010.06, 2014.02~2018.01 : 조선대학교병원 이비인후과 과장
2010.08~2012.02 미국 Stanford University Hospital 인공와우센터 연수

현) 대한청각학회 교육이사
현) 대한두개저학회 특별이사
현) 대한이과학회 기획위원, 의무위원
현) 대한이비인후과학회 수련위원, 의무위원, 역학조사위원, 문항개발위원
현) 미국 Association for Research in Otolaryngology 정회원
전) 대한청각학회 공보이사
전) 대한이과학회 의무이사
전) 대한평형의학회 교육위원, 간행위원
전) 대한이비인후과학회 간행위원"
이비인후과,최지윤,22247acef333b8ecff4135a3c815759b.jpg,교수,"코, 코성형, 축농증, 부비동내시경수술, 알레르기, 일반이비인후과","조선대학교병원 대외협력실장 2021.12~
이비인후과 전문의/조선대학교 의과대학 이비인후과 교수 및 과장/ 의학박사
국제안면성형-재건전문의(International Board of Facial Plastic Reconstructive Surgery) 획득(2013) - Washington D.C.
국제 미용성형 전문의(International Board of Cosmetic Surgery) 획득(2007)
2012. 2 ~ 2014.1 , 2년간 Univsersity California Davis Medical Center (Facial Plastic and Reconstructive Surgery Center) 캘리포니아주립대 안면성형재건센터 연수
강남 심미안성형외과 부원장 역임 2007.11.12.~17
서울아산병원 비과 연수 2006. 8.
동경 Takasu clinic 안면성형수술연수 2006. 9. 6 ~ 9. 15.
동경 Shirakabe clinic 안면성형수술연수 2006. 12. 26. ~ 2007. 1. 1.
일본 동경 Fukuda clinic 안면성형수술연수
대한이비인후과학회 상임이사
대한비과학회 상임이사
대한안면성형재건학회 상임이사
한국미용성형의학회 부회장

주요활동 (강의 및 발표)
2020.06. 제94차 대한이비인후과학회 학술대회 | 단독 | ALAR BASE DYSHARMONY
2019.12. VSAPS | 단독 | Endoscopic browlift
2019.12, VSAPS | 단독 | Surgical outcomes and complications septal extension graft supported by 3D printed polycaprolactone plate
2019.11. 제6회 국제 조선에이징 페이스 심포지엄 | 단독 | Correction of alar base dysharmony
2019.11. 제6회 국제 조선에이징 페이스 심포지엄 | 단독 | Recent update of Temporalis muscle tendon transfer for facial reanimation
2019.11. 제6회 국제 조선에이징 페이스 심포지엄 | 단독 | Extended Deep plane facelift
2019.11. 제6회 국제 조선에이징 페이스 심포지엄 | 단독 | The technique and Biomechanics of Browlifting
2019.11. 제6회 국제 조선에이징 페이스 심포지엄 | 단독 | New technique of nasal tip plasty using septal extension graft supported by 3D printed polycaprolactone plate
2019.11. Rhinology open forum | 단독 | Repair of nasal septal perforation using Polycaprolactone plate and temporalis fascia graft
2019.10. Kyung Hee International Rhinologic symposium 2019 | 단독 | Nostriloplasty
2019.10. 대한이비인후과 추계 종합학술대회 | 단독 | The cases that changed my practice
2019.10. 2019 AAFPRS Annual Meeting | 단독 | How to Bring the Retracted Alar Downward ?
2019.10. 2019 AAFPRS Annual Meeting | 단독 | Tips for the Tip plasty in Asian Rhinoplasty
2019.10. 2019 AAFPRS Annual Meeting | 단독 | Diagnosis and Treatment of Alar Base Deformities in Asians
2019.09. THE NOSE: INSIDE&OUTSIDE 2019 SNUH Course on Rhinoplasty | 단독 | Changing the Nostril Shape : Alar Base Surgery
2019.09. 가천대길병원 7th Facial Surgery Symposium | 단독 | My technique for revision rhinoplasty
2019.08. 제22회 삼성 부비동 내시경수술 심포지엄 | 단독 | Overview of Septal Perforation and techniques
2019.06. 베트남 안면성형재건학회 | 단독 | Nuance of SMAS facelift vs Deep plane facelift
2019.06. 베트남 안면성형재건학회 | 단독 | Diagnosis and treatment of alar base deformities in Asian : How I do it
2019.06. 베트남 안면성형재건학회 | 단독 | Techniques and biomechanics of browlifting
2019.05. 2019년 대한이비인후과학회 광주전남지회 | 단독 | Recent update AR treatment(알레르기 비염의 치료)
2019.05. Featuring live surgeries,video demonstrations,and lectures | 단독 | Autograft for rhinoplasty
2019.05. 2019 대한이비인후과 춘계학술대회 | 단독 | Temporalis tendon transfer for smile restroation after facial nerve palsy
2019.05. 아산코성형심포지움 | 단독 | Autografts for rhinoplasty
2019.04. Advances in rhinoplasty | 단독 | Diagnosis and treatment of alar base and rim deformities in the Asian patient
2019.03. The nose inside and outside | 단독 | Correction of alar retraction
2019.03. 제29회 삼남비과 포럼 | 공동연구자 | 외비변형을 주소로 내원한 환자 1례
2018.11. 가천대 길병원 Facial Surgery Symposium | 단독 | Rhinoplasty for cleft nose
2018.11. 2018 Hot Cases in Facial Plastic Surgery | 공동연구자 | A Case of Endoscopic Browlift and Rhinoplasty and Blepharoplasty for Eyebrow Asymmetry and Nose Deformity after Traffic Accident
2018.11. 2018 3rd ASEAN Meeting of Aesthetic Surgery and Medicine | 단독 | Autografts for Rhinoplasty
2018.11. 2018 3rd ASEAN Meeting of Aesthetic Surgery and Medicine | 단독 | Management of Deviated Nose
2018.10. Royal College of Otolaryngologists-Head and Neck Surgeons of Thailand Annual Scientific Meeting 2018 | 단독 | Correction of the alar rim and alar base deformities in Asian rhinoplasty-How I do it
2018.10. 제24차 이비인후과 추계종합학술대회 | 교신저자 | A case of face lift on facial foreign body
2018.10. 제24차 이비인후과 추계종합학술대회 | 교신저자 | A case of endoscopic browlift and rhinoplasty for eyebrow asymmetry and nose deformity after traffic accident
2018.10. The 5th International Chosun Aging Face Symposium & The 33rd Conference of KSKCS and KCCS | 단독 | Temporalis tendon transfer after facial nerve paralysis via transoral approach
2018.10. The 5th International Chosun Aging Face Symposium & The 33rd Conference of KSKCS and KCCS | 단독 | Trans-temporal midfacelift
2018.10. The 5th International Chosun Aging Face Symposium & The 33rd Conference of KSKCS and KCCS | 단독 | Nuance of SMAS facelift vs Deep plane facelift
2018.10. The 5th International Chosun Aging Face Symposium & The 33rd Conference of KSKCS and KCCS | 단독 | The technique and Biomechanics of Browlifting
2018.09. 2018 The 9th AFPSS and 25th TAFPRS Annual Meeting | 단독 | Personal Approach to the Alar Rim and Base Deformities in Asian
2018.07. 2018 대한안면성형재건학회 제2회 연구분과 심포지엄 | 단독 | The minimal access deep plan extended vertical facelift
2018.05. The 15th Asan Rhinoplasty Symposium | 단독 | Tips for the tip
2018.05. The 15th Asan Rhinoplasty Symposium | 단독 | Secondary rhinoplasty for the dorsal abnormalities
2018.04. 2018 한국미용성형의학회 제32차 춘계학술대회 | 단독 | 둘출귀의 교정 - 술기 및 합병증
2018.04. 제92차 대한이비인후과학회 학술대회 | 교신저자 | A case of external nasal valve reconstruction on a suspicious of treacher-collins syndrome patient
2018.04. 2018 한국미용성형의학회 제32차 춘계학술대회 | 단독 | 동양인에 있어서 코바닥변형 치료법
2018.04. 제92차 대한이비인후과학회 학술대회 | 단독 | Surgical tips for the management of the wide nasal base
2018.04. 제92차 대한이비인후과학회 학술대회 | 교신저자 | Polysaccharide from Hizikia fusiformis enhances the immunomdulatory activity of macrophages
2018.04. 제92차 대한이비인후과학회 학술대회 | 단독 | Costal cartilage rhinoplasty
2018.04. 2018 대한안면성형재건학회 제15차 춘계학술대회 | 교신저자 | Treacher Collins Syndrome 의심환자의 External Valve Reconstruction 1례
2018.04. The 17th Korea-Japan Joint Meeting of Otorhinolaryngology-Head and Neck Surgery | 단독 | Effect of various facial angles and measurements
2018.03. Journal of Rhinology | 교신저자 | 안면신경마비 환자의 측두근 이식술 1례
2018.03. Journal of Rhinology | 단독 | Dignosis and Treatment of Alar Rim and Base Deformities in Asian
2018.03. Masters' Symposium and Dissection Workshop on Facial Rejuvenation & Rhinoplasty | 단독 | Dorsal augmentation - alloplastic
2018.03. Masters' Symposium and Dissection Workshop on Facial Rejuvenation & Rhinoplasty | 단독 | Revision and reconstructive septoplasty : tips and pearls
2018.03. 2018 얼굴미용성형세미나 | 단독 | Tip modification
2018.03. 2018 얼굴미용성형세미나 | 단독 | Mechanics of the tip
2018.03. 2018 얼굴미용성형세미나 | 단독 | Autografts for Rhinoplasty
2018.02. The 21st International Rhinoplasty Workshop | 단독 | Revision and reconstructive septoplasty
2017.11. 2017 한국미용성형의학회 국제코성형워크샵 | 단독 | Management of Alar Deformities
2017.11. 2017 한국미용성형의학회 국제코성형워크샵 | 단독 | Corrextive Rhinoplasty:How I do It
2017.11. 2017 한국미용성형의학회 국제코성형워크샵 | 단독 | How to Prevent the Revision Rhinoplasty
2017.11. 2017슬림코리아 지방성형의학회 창립11주년 기념 학술대회 | 단독 | 안면거상술 및 목주름제거술
2017.11. 2017 AMAS | 단독 | Contemporary Deep Plane Facelift:How I Do it
2017.11. 2017 AMAS | 단독 | Revision Rhinoplasty:Dorsal Abnormalities
2017.10. 제23차 이비인후과 종합학술대회 | 공동연구자 | A case of temporalis tendon transfer of patient with facial nerve palsy
2017.10. 제23차 이비인후과 종합학술대회 | 단독 | Upper blepharoplasty
2017.10. 제23차 이비인후과 종합학술대회 | 단독 | Spreader graft for nasal valve insufficiency
2017.10. 제4회 Chosun Aging Face Symposium | 단독 | How I optimize results in facelift/necklift sugery
2017.10. 제4회 Chosun Aging Face Symposium | 단독 | Endoscopic foreheadlift - options for fixation
2017.10. 제4회 Chosun Aging Face Symposium | 단독 | Temporal and midfacelift
2017.10. 제4회 Chosun Aging Face Symposium | 단독 | Temporalis tendon transfer for smile restoration after facial nerve paralysis
2017.09. Chilean Facial Plastic Surgery | 단독 | Asian blepharoplasty
2017.09. 2017 가천대 길병원 Facial Surgery Symposium | 단독 | Practical anatomy for facelift and necklift
2017.09. 2017 한국미용성형의학회 안성형&페이스리프팅 최신지견 | 단독 | 심부안면거상술:완벽한 SMAS 당김술
2017.08. 제15회 건양의대 김안과병원 심포지엄 | 단독 | 내시경을 이용한 눈썹처짐 수술
2017.07. 대한안면성형재건학회 제7회 교육강좌 | 단독 | Incisional Double Eyelids Operation
2017.07. 대한안면성형재건학회 제7회 교육강좌 | 단독 | Endoscopic Browlift
2017.07. 7th International Congress of PAAFPRS & 4th SRIC | 단독 | Adverse reactions of different Implant Materials
2017.07. ORL Pusan Meeting XVII:Rhinology Update | 단독 | Facelift for aging face
2017.06. ENT world congress | 단독 | Secondary rhinoplasty
2017.06. THE NOSE:INSIDE & OUTSIDE 2017 SNUH Course on Rhinoplasty | 단독 | Is augmentation necessary? When & how?
2017.06. THE NOSE:INSIDE & OUTSIDE 2017 SNUH Course on Rhinoplasty | 단독 | Correction of deviated nose
2017.05. The 14th Asan Rhinoplasty Symposium | 단독 | Cleft lip nose management
2017.05. 2017 지회 심포지엄-광주,전남 | 단독 | 급성 비부비동염에서 국소용 스테로이드제의 역할
2017.04. 대한이비인후과 학회 학술대회 | 공동연구자 | Wheatgrass extract inhibits hypoxia inducible factor 1 mediated epithelial mesencymal transition in a549 cells
2017.04. 2017 대한안면성형재건학회 제13차 춘계학술대회 | 단독 | Local Flaps
2017.03. 삼남 비과 포럼 | 단독 | 비중격에 발생한 연골근종
2017.6.24.-28. 프랑스 파리 세계이비인후과학술대회
“Seconday rhinoplasty : dorsal abnormalities in Asian”
2017.6.10.-11. 분당서울대병원 The nose : inside & outside
“Correction of deviated nose”, “Is augmentation necessary ? when & how ?”
2017.5.27.-28. 아산병원 The 14th Asan Rhinoplasty Symposium
“cleft lip nose management” , “Management of alar base deformities in Asian : How I do it”
2017.5.20. 라마다프라자 광주, 전남 지회심포지움 - “급성 비부비동염에서 국소용 스테로이드제의 역할”
2017.4.28.-30. 부산 10th Anniversary of KSKCS & KCCS - “Live surgery for facelift”
2017.4.21. 그랜드힐튼 대한이비인후과학회 춘계학회 Hand on course - “silicone carving”, “costal cartilage carving”
2017.4.16. 삼성의료원 대한안면성형재건학회 춘계학술대회 - “Revision blepharoplasty”
2017.3.17.-19. 마닐라 2017 Fresh Cadaver ‘Facial’ dissection workshop - “Temporal & midface lifting”, “Lower face & neck lifting”
2017.3.12. 백범기념관 대한비과학회 - “Functional outcomes of external approach septoplasty”, “Temporal and midfacelift”
2017.3.4. 창원 삼남비과 학술대회 - “비중격에 발생한 연골근종”
2016.12. 마닐라 Philipppine ENT meeting and PAAFPRS annual conferences - “Ethnic rhinoplasty”, “Tips for the tip”
2016.11.19. 방콕 2016 아세안미용성형외과국제학술대회 - “Endoscopic browlift and options for fixation”
2016.11.12. 김대중 컨벤션센터 대한안면성형재건학회 Hot Cases in Facial Plastic Surgery - “Microtia 환자에서 otoplasty에 관한 1례”, “노화로 인한 안면 주름에 관한 안면거상술 1례”
2016.11.06. 김대중 컨벤션센터 대한안면성형재건외과학회 - “Management of nasal deformities in Asian : How I do it”
2016.10.28. 청주 라마다 호텔 제22차 이비인후과 종합 학술대회 - “노화에 따른 안면 비대칭과 주름에 관한 중안면거상술 1례”, “Problems and managements associated with rhinoplasty techniques”
2016.10.16. 백범김구 기념관 The 20th International rhinoplasty workshop - “Correction of alar rim deformities”, “ateral crural strut graft in Asian patien”
2016.10.09. 김대중컨벤션 센터 The 3rd Chosun aging face symphosium - “Temporal and midfacelift”
2016.09.04. 서울 그랜드힐튼 호텔 대한미용성형레이저학회 추계학술대회- “Contemporary deep plane facelift”
2016.07.17. 서울대어린이병원 대한안면성형재건학회 교육강좌 - “Quality of life and clinical outcome study after otoplasty using hybrid techniques”
2016.07.10. 백범김구 기념관 대한비과학회 연구분과 심포지움 - “안검성형술의 기본술기”
2016.07.06. 싱가포르 2016 Asian Facial Plastic Surgery Society - “Twisted nose correction (A personal approach)”
2016.06.25. 서울아산병원 The 13th Asan rhinoplasty symposium - “Managing of skin problems in Asian rhinoplasty”
2016.06.14. 전남대학교 병원 광주전남지회 - “Correction of deviated nose”
2016.5.22. 가천대 길병원 가천대 길병원 Facial surgery symposium - “Basic principle & technique of facial fat transfer”
2016.5.21. 조선대병원 조선안과심포지움 - “The technique and biomechanics of endoscopic browlifting”
2016.5.17-18. 동경 제104회 일본미용외과학회 - “Face lifting session” 좌장, “How to bring the retracted alar downward?”, “The technique and biomechanics of browlifting”
2016.5.12. 고양시의사회 강의 - “Revision and Reconstructive Septorhinoplasty”
2016.4.9-10. 베트남 호치민 IMAPS 2016 - “How to bring the retracted alar downward ?”, “The technique and biomechanics of browlifting”
2016.4.1-3. 태국 방콕 2016 KCCS cadaver workshop - “Prevention of scar formation and facial nerve injuries in facelifting surgeries”, “Forehead lifting”, “Mid-face lifting”
2016.3.16-19. 미국 LA “Facial rejuvenation master the techniques” 참석
2016.3.25-27. 부산 International Botox, Filler & Laser Workshop - “Invasive Face and Forehead lifting”, ""Endoscopic forehead lifting”, “Complication and prevention”
2016.3.27. 건국대병원 대한안면성형재건학회 제 11차 춘계학술대회 Pre-Congress Auricular reconstruction hands-on workshop에 참가
2016.3.27. 건국대병원 대한안면성형재건학회 제 11차 춘계학술대회 Pre-Congress Workshop Cadaver dissection demonstratin에 참가
2016.3.28. 서울대병원 대한안면성형재건학회 제 11차 춘계학술대회 - “Revision septoplasty : tips and pearls”
2016.3.13. 원주 의료기기 테크노밸리 제51차 대한비과학회 춘계학술대회 - “Septal reconstruction in Russia”, “Revision and Reconstructive Septoplasty”
2016.3.6. 서울 그랜드힐튼 대한외과의사회 2016년 춘계학술세미나 - “Correction of deviated nose”
2016.3.5. 진주 경상대학교병원 암센터 삼남비과 심포지움 - “Temporal – midface llift 및 autologous fat grafting”
2015. 10. 23-24. 군산 제21차 이비인후과 종합학술대회 - “Facial plasty(endoscopic browlift)”
2015.10.9. 서울 백범기념관 The 2nd international chosun aging face symposium - “Temporal-midface lift and autologous fat grafting
2015.10.10. 서울 백범기념관 The 2nd international chosun aging face symposium - “The technique and Biomechanics of browlifting”
2015.10.11. 서울 백범기념관 The 19th international rhinoplasty workshop - “Alar retraction and soft tissue deficiency”, “Secondary septorhinoplasty : columellar defect”
2015.10.1-3. Dallas 2015 AAFPRS(미국안면성형재건학회) - “How to bring the retracted alar downward”, “Upper blepharoplasty : Non incisional suture technique”
2015.9.12. 천안 순천향병원 제22회 삼남비과포럼 - “Auricular reconstruction(귀재건술)”
2015.8.30. 고려대 Rhinology update symposium in 2015 - “Facelift update : Deep plane facelift”
2015.7.19. 서울대병원 대한안면성형학회 교육강좌  - Composite graft for valve stenosis
2015. 6.13-14 베트남 호치민 6th AFPSS meeting, Ho Chi Minh City society of plastic & aesthetic surgery, 12th annual international scientific congress The technique and biomechanics of browlifting Cleft lip nose management Lateral crural strut graft in Asian patients
2015. 5. 9. 서울아산병원 The 12th Asan Rhinoplasty Symposium - The cleft lip nose management Lateral crural strut graft
2015. 4. 24. 대한이비인후과학회 전공의 연수강좌 - Essentials of rhinoplasty
2015. 4. 4. 홍성 대한이비인후과학회 대전, 충남 지부회 - Revision and reconstructive septoplasty
2015.3.22. 서울대 대한안면성형재건학회 춘계학회 - Sutures and grafts in nasal tip surgery Quality of Life and Clinical Outcome study after Otoplasty using Hybrid Techniques
2015. 3. 8. 부산 Bexco 비과학회 - UC Davis Medical Center 연수기
2014. 11.15. 경북대병원 Rhinology open forum : 전두부 피판을 이용한 비배부 재건술
2014. 11. 7-9. 인도 방갈로 Facial COSMOCON 2014, 2nd international rhinoplasty & facial plasty workshop  : Correction of alar retraction, : Managing skin problems in rhinoplasty, : Adverse reactions of different implant materials
2014. 11. 2. 조선대병원 Chosun Aging Face Symposium : Endoscopic browlift,  : Deep plane facelift
2014. 10.26. 서울아산병원 대한안면성형재건학회 교육강좌 : 이차성 구개열 코변형의 교정
2014. 10.10-11 대전컨벤션센터 제 20차 대한이비인후과학회 종합학술대회 : Deep plane facelift, : 돌발성 난청의 연중 발생분포와 기후인자와의 관계, : Pros and cons of SEG in Asian patients, : Correction secondary cleft lip and nose deformities, : Endoscopic corrugate muscle resection
2014.8.29 - 30. 대만 제 10회 대만안면성형 학술대회 강의 : Techniques for Correction of Severe Alar retraction, : Adverse Reactions of Different Implant Materials : a Histological Aspect, : Upper Blepharoplasty Using Suture Techniques in Asian Patients, : Medial Epicanthoplasty in Asian Patients
2014. 8. 23. 무주리조트 제 20회 삼남비과포럼 발표 : Intraosseous cavernous hemangioma on the nasal dorsum
2014.8.19. 인하대학교 OGR 강의 : Facial Plastic Surgery
2014.7.13. 백범기념관 제6회 대한비과학회 연구분과 심포지엄 : Unilateral Cleft lip Repair
2014.7.12. 삼성의료원 제1회 대한비과학회 전공의를 위한 길라잡이 : Special Rhinoplasty Techniques
2014. 6.15. 가천의대길병원 가천안면성형심포지움강의 : Upper Blepharoplasty Using Suture Techniques and Epicanthoplasty
2014. 5. 27 - 31. 미국 11th International Symposium of Facial Plastic Surgery : The Pros and Cons of Septal Extension Grafts in Asian Patients
2014.4.11 - 13. 서울아산병원 4th PAAFPRS & 6th KAFPRS Symposium : Adverse Reactions of Different implant materials : histologic study, : Information for IBCFPRS exam, : New techniques for correction of severe alar retraction using an island pedicled advancement flap of the nasal dorsum, : Quality of life and clinical outcome study after otoplasty using combined techniques
2014. 3. 9. 세종대학교 제47차 대한비과학회 춘계학술대회 강의:Quality of Life and Clinical Outcome study after Otoplasty using Combined Techniques
2014. 3. 15. 충주 건국대병원 제19차 삼남비과학회 발표 : 돌출귀를 주소로 내원한 환자에서 시행한 귀성형술
2012.12. 베트남 호치민시티 _The 9th Annual International Congress on Facial Aesthetic & Plastic Surgery Conference & Exhibition 2012, ""revision and reconstructive septoplasty"" 강의
2012. 9. 브라질 Porto alegre -""Asian rhinoplasty"" 강의
2011.12.7. 홍콩 Chinese University of Hong Kong ENT conference 2011-Advances in Facial Plastic Surgery and Rhinology 강의 - ""Histopathologic changes of ePTFE in human""
2011.11.27. 영동세브란스 대한안면성형재건학회 추계학술대회 강의 - ""매몰법에 의한 쌍꺼풀수술“
2011.11.13. 한양대학교 HIT센터 IFOS 기념 심포지엄 - ""Blepharoplasty""
2011.11.6. 백범기념관 제15회 국제코성형술 워크숍 강의 - ""Revision and reconstructive septoplasty"", ""비중격 재수술 및 비중격 재건술“
2011.10.30. 인천길병원 가천안면부지방주입술 워크숍 강의 - ""안면부 지방주입의 술기 및 합병증""
2011.10.26. 하종현홀 대한이비인후과학회주최 알레르기비염 건강강좌 강의 - ""알레르기비염 얼마나 알고 계신가요?""
2011.10.21.  강원랜드 컨벤션 제17차 이비인후과 종합학술대회 발표 - ""어류골편으로 유발된 갑상농양 및 경부심부감염""
2011.10.21.  강원랜드 컨벤션 제17차 이비인후과 종합학술대회 발표 - ""편도주위농양으로 오인된 제2새기형""
2011.10.21.  강원랜드 컨벤션 제17차 이비인후과 종합학술대회 발표 - ""비배부에 발생한 점액표피양 암종“
2011.10.21.  강원랜드 컨벤션 제17차 이비인후과 종합학술대회 발표 - ""좌측 비강내 발생한 거대비석“
2011.10.21. 강원랜드 컨벤션 제17차 이비인후과 종합학술대회 발표 - ""외비접근법을 통한 비중격 교정술을 시행받은 환자에서 수술적 소견의 임상적 분석""
2011.8.27. 부산대병원 삼남비과학회 발표 - ""비강내 발생한 악성흑색종“
2011.8.13. 호치민 베트남 베트남안면성형학술대회 강의 및 수술시연 - ""Management of Convex dorsum in Asian"", ""아시아인의 메부리코의 치료“
2011.6.6 필리핀 보라카이 1st Shimmian scientific meetings 강의- ""complications after rhinoplasty“
2011.6.4. 필리핀 마닐라 10th annual international rhinoplasty course 강의 - ""Open rhinoplasty using septal extension graft for Asian tip“
2011.5.8. 서울아산병원 제9회 아산코성형심포지엄 강의 - ""Complications after rhinoplasty using septal extension graft“
2011.4.17. 서울아산병원 제1회 대한안면성형재건학회 강의 및 발표 - "" Primary rhinoplasty for otolaryngologists"", ""고어텍스를 이용하여 융비한 환자에서 발생한 지연염증반응"", ""일측 전비공 패색 교정 1예"", ""blepharoplasty-full incisional method""
2011.3.26. 성균관의대 삼성창원병원 제13회 삼남비과포럼 발표 - ""The Genioglossus muscle advancement and gastric plication for treatment in OSAS patient“
2011.3.13. 서울 그랜드 힐튼  제 41회 대한비과학회 춘계학술대회 발표 - ""revision blepharoplasty"", ""Delayed inflammation after augmentation rhinoplasty using e-PTFE“
2011.3.1-4. 뉴질랜드(오클랜드) Aotea Centre 12th Asia Oceania Otolaryngology Head & Neck Congress 발표 - “Anthropometic analysis of the nasal tip in Asian”
2010.11.23. 무등산관광호텔 가정의학과개원의 강의 - “Topical steroid therapy for the allergic rhinitis”
2010.11.7. 서울백범기념관 국제코성형학회 - “Panel discussion about the complications of secondary rhinoplasty”
2010.11.7. 서울백범기념관 국제코성형학회 - “How to consult for prevension of revision rhinoplasty”
2010.10.29. 창원컨벤션센터 대한이비인후과 종합학술대회 - “The significance of c-Met expression in the head and neck squamous cell carcinoma”
2010.10.29. 창원컨벤션센터 대한이비인후과 종합학술대회 - “비중격만곡증 재수술환자에서 수술적 소견의 임상적 분석”
2010.10.26. 라마다호텔 내과개원의협의회강의 - “알레르기성 비염의 치료”
2010.9.30. 라마다 호텔  광주, 전남 내과 지회 강의 - ""알레르기 비염의 진단 및 치료 update-nasal steroid tx on allergic rhinitis""
2010.9.17. MBC 빛고을 지금 출연 ""알레르기 비염과 축농증""
2010.9.9. 서울 남산하이얏트호텔 한일이비인후과학회 발표 - ""Nasal Tip Position in Profile Analysis of the Soft Tissue Photograph in Asian“
2010.8.29. 카톨릭대학교 강남성모병원 Rhinology Update Symposium in 2010 - “Update in Rhinoplasty : What’s New in Rhinoplasty,2010”
2010.8.22. MBC ""빛고을 지금"" 출연 : 여름철 수영장과 알레르기성 비염
2010.8.21. 전북대학교병원 삼남비과포럼 강의 - “Extracorporeal septoplasty”
2010.6.20-24. 스위스 제네바 유럽비과학회발표 ERS & ISIAN 2010 - ""Long term histologic outcome for the augmentation rhinoplasty using e-PTFE"", ""Nasal tip plasty using septal extension graft techniques in rhinoplasty“
2010.4.18. 조선대학교 의과대학 Fresh Cadevar Dissection 강의 및 코성형수술시연
2010.4.13. 전남대학교병원 덕재홀 대한이비인후과학회 광주전남지회 - “개원가에서 안면성형수술 시작하기”
2010.4.7. 삼성의료원 대한비과학회 안면성형증례토론회 발표 - “Secondary rhinoplasty”
2010.3.26. 라마다호텔 - “Effects of long term clarithromycin treatment on lavage fluid markers of inflammation in chronic rhinosinusitis”
2010.3.25. 부산롯데호텔 대한이비인후과학회 부산,경남,울산 지회강의 - “Facial plastic surgery”
2010.3.23. 조선대병원 하종현홀- 수면연구회 발표
2010.3.18. 조선대병원 하종현홀- 세계수면의날 강의 “코골이와 수면무호흡 진단 및 치료”
2010.3.14. 대전컨벤션 대한비과학회 춘계학회발표- “Alar base surgery in rhinplasty” ,“Nasal tip position in Profile Analysis of the Soft tissue photograph”
2010.3.6. 영남대병원 삼남비과포럼발표 - “A case of foreign body inclusion cyst of the nasal radix”
2009.12.5-6. 중국 청도성형외과학회 세미나초청 : 코 성형강의
2009.11.6-9. 중국 정저우 제2차 아시아미용성형학회, 제13차 국제 코성형학회 강의 - ""Tip modification using septal extension graft technique in Asians“
2009.10.24. 경주 현대호텔 제 15차 대한이비인후과 종합학술대회 초청특강 - "" Blepharoplasty “
2009.10.23. 경주 현대호텔 제15차 대한이비인후과 종합학술대회발표 - "" New concepts in nasal tip contouring : tip modification using septal extension graft technique in Asians"", "" 경추추체종양으로 오인된 유두갑상선암의 골정이 1례"", "" Congenital abscence of lower lateral cartilage : a case report"", "" A case of cleft lip cheiloplasty “
2009.9.12. 원주의과대학 한남비과포럼발표 - ""Onodi cell optic neuropathy"", ""Cheiloplasty“
2009.8.23. 조선대학교 의과대학 Fresh Cadevar Dissection 강의 및 코성형수술시연
2009.8.15-16. 중국칭다오  Live 코성형수술 시연
2009.7.9. 삼성의료원  안면성형연구회발표 - "" Cleft lip & nose“
2009.6.30. 광주, 전남 수면연구회 "" 수면무호흡의 수술적 치료“
2009.4.24.-25. 서울 그랜드힐튼 제83차 대한이비인후과 학술대회 발표 - “Ethmoid mucocele optic neuropathy"" , ""Oncogenic osteomalacia“
2009.4.15.-19. 미국 필라델피아 Rhinology World 2009 ""Histologic Study of E-PTFE Removed after Rhinoplasty"" 발표
2009.4.2. 광주, 전남 수면연구회 “Computer-Assisted Fiberoptic Pharyngoscopy in Obstructive Sleep Apnea Syndrome”
2009. 3. 8. 백범기념관 “ Propofol을 이용한 비골골절 정복술의 임상적 유용성 ” 강의
2009.02.28. 충북대병원“ Oncogenic osteomalacia”, “ Onodi cell optic neuropathy ” 발표
2008.11.30. 백범기념관 국제코성형술워크샵 Panel Discussion Revision Septorhinoplasty
2008.11.29. 백범기념관 국제코성형술워크샵 강의 - Correction of hump nose, Pathologic Findings of ePTFE in Human Body
2008.11.28. 삼성의료원 안면성형연구회 발표 - Multi facial cosmetic surgery, 코성형 수술을 동반한 복합안면성형수술 사례 2
2008. 9. 2. 조선대병원 대한이비인후과학회 광주, 전남지회 “ 수면무호흡증의 진단과 치료”
2008. 8. 30. 조선대병원 삼남비과학회 “Three level surgery for the treatment of obstructive sleep apnea syndrome and snoring : a case report”, “An inflammatory myofibroblastic tumor of the nasal dorsum : a case report 발표
2008. 8. 24. MBC 라디오 “빛고을 지금” 출연
2008.10.24. 경주 현대호텔 제14차 이비인후과 종합학술대회발표, “Dacryocystocele in an adult : A case report”, “Histologic study of Gore-tex removed after rhinoplasty”, “An inflammatory myofibroblastic tumor of the nasal dorsum : A case report”
2008. 6.29 건국대병원 IFOS 유치추진 심포지엄 강의 - ""장방주입과 간단한 보형물을 이용한 안면성형“
2008. 6. 6 ~6. 8 호주 시드니 Advance beauty cosmetic surgery workshop guest speaker - ""Asian augmentation rhinoplasty"" 강의
2008. 5.22 삼성서울병원 대한비과학회 안면성형연구회 발표 - ""Correction of deformed nose“
2008..3.16 MBC 라디오 ""빛고을 지금"" 출연
2008.3.15 천안 단국대병원 삼남비과학회 발표 - ""수면무호흡을 주소로 내원한 환자에서의 비중격재건술“
2008.3.10 ""MBC 뉴스투데이 출연"" 독감과 황사에 따른 건강관리
2008.3.9 대구 경북대병원 제35차 대한비과학회 강의 - ""미세자가 지방이식을 이용한 안면 윤관술""
2008.2.20 목포시 개원의 협의회 강의 - ""소아 비,부비동염의 치료“
2008. 1. 20 소공동 롯데호텔 이비인후과 개원의 협의회 제8회 정기총회 및 임상총회 Instruction course 강의 ""이비인후과 외래에서 시행할 수 있는 미용성형수술""
2008. 1. 11 여수시 의사회 강의 ""비중격성형술의 최신지견“
2007.11.25 백범기념관 제 11회 국제코성형술 워크샵 강연  - ""Rhinoplasty complications related to techniques"", ""Secondary tip plasty"" panel discussion“
2007.11.23 서울아산병원 대한비과학회 안면성형연구회 발표 - ""Correction of facial deformities due to traffic accident“
2007.10.25~27 부산롯데호텔 대한이비인후과학회 추계학술대회 발표 - ""hree cases of correction of nostril stenosis"", ""Facial cellulitis due to Fraxel laser treatment"" , ""Nasal septal hemangioma developed after septoplasty“
2007.10.09 프라도호텔 광주.전남 개원의 협의회 강연 - 알레르기성비염의 치료(항히스타민제)
2007.10.03 단국대학교 한남안면성형연구회 발표 - ""Blepharoplasty and Rhinoplasty“
2007.09.19~19 미국워싱턴 AAo-HNSF 미국이비인후과학회 발표 - ""Augmentation Rhicoplasty in Asian Noses"", ""Reconstraction of Necrosksed Alar after Inserting Fillers“
2007.8.20. ""뉴스투데이(MBC 출연)“
2007.8.17. 광주, 전남 코 성형술 워크샵 강연 - ""Augmentation rhinoplasty"", ""Botox“
2007.7.26. 의성관 소강당 ""수면무호흡의 이비인후과적 진단"" 강의
2007.6.24 백범기념관 비과학회주체 개원의를 위한 성형수술워크삽 강연  - ""이마와 얼굴의 절개를 통한 간단한 안면거상술“
2007.6.23~24 서울수면센터 ""코골이 및 수면의학"" 연수
2007.6.22 삼성의료원 비과학회 안면성형연구회 발표  - ""Correction of nostril stenosis"" , ""Neck liposuction of Madelung's disease“
2007.6.8 광주, 전남 코 성형술 워크삽 강연 - ""Nasal aesthetics, Septorhinoplasty“
2007. 4. 28. 서울 그랜드힐튼호텔 이비인후과 춘계학술대회 발표 - ""Lateral SMASectomy face lift"", ""Correction of Blepharoptosis by stitch method"", ""다양한 피부절제를 통한 복코의 교정“
2007. 4. 8. 강남성모병원 여성회음성형학회주최 Fresh Cadevar Dissection - 강의 , 코형형 및 안면성형 수술 시연
2007. 4. 4. 광주, 전남 학술대회 강연 - ""이비인후과 영역에서의 코성형술“
2007. 2. 25. ~ 2007. 2. 28. 호주 시드니 - 코성형 Live surgery 시연
2007. 1. 21. 소공동 롯데호텔 이비인후과 개원의 협의회 제 7회 정기총회 및 임상총회 강의 - “Endotine을 이용한 이마당김술”
2006. 12. 10. 강남성모병원 Fresh Cadevar Dissection - 강의 및 코성형수술 및 안면거상술 시연
2006. 11. 17 ~ 11. 24. 호주 시드니 - 코성형 Live surgery 시연
2006. 10. 22. 백범기념관 대한미용의학학회 학술대회 강의 - “Endotine을 이용한 이마당김술 및 얼굴당김술”
2006. 9. 28. 일산 KINTEX 2006 한브랜드 박람회 “한브랜드 패션쇼” 심사위원
2006. 7. 23. 강남성모병원 Fresh Cadevar Dissection - 강의 및 코성형수술 및 이마거상술 시연
2006. 4. 22. 경주 대한이비인후과학회 춘계학술대회 포스터발표 “S-lift 안면당김술”
2006. 4. 21. 경주 대한이비인후과학회 춘계학술대회 구연발표 “피어싱부작용으로 내원한 환자의 임상양상”
2006. 4. 중국 항주 미인선발대회 심사위원
2006. 3. 13 ~3. 16. 대만의사선생님들 코성형 핸즈온 교육
2006. 3. 12. 소공동 롯데호텔 이비인후과 개원의 협의회 제 6회 정기총회 및 임상총회 강의 - “매몰법에 의한 쌍꺼풀수술”
2006. 3. 11. 백범기념관 아시아동양미용성형학회 강의 - “Various Septoplasty for Rhinoplasty”
2005. 12. 23. ~ 25. 타이페이 대만 이비인후과학회 참석 및 수술시연
2005. 11. 28. 강남성모병원 Fresh Cadevar Dissection - 강의 및 코성형수술시연
2005. 11. 백범기념관 제9회 국제코성형술워크샵 강의 - “How to prevent revision rhinoplasty”
2005. 10. 27. 고양시 의사회 강의
2005. 10. 22. “세상의 아침(KBS 2)” 출연
2005. 7. ~2007. 2. 심미안 코성형술 핸즈온코스 및 어드밴스코스 매월 강의
2005. 8. 발리 ASEAN 이비인후과학회 참석 및 강연

<특허>
비중격 연장기(비중격 연장술을 위한 연골 고정기) 2015.4.28."
이비인후과,오정현,8d01cd0a118bd50bf1c4b2a21bb2799a.jpg,교수,"두경부 및 갑상선암, 로봇수술, 타액선 질환(내시경), 편도 및 아데노이드, 후두음성수술","[경력]
이비인후과 전문의
조선대학교 의과대학 의학박사
조선대학교병원 이비인후과 조교수
조선대학교병원 이비인후과 전임의

[학회활동]
대한이비인후과학회 정회원
대한갑상선두경부외과학회 정회원
대한후두음성언어의학회 정회원"
이비인후과,남기성,96ff3d1173ddc6109014e99ffce68026.jpg,교수,"어지럼증, 메니에르, 난청, 중이염, 내시경귀수술","[ 경력 ]
2021년 조선대학교병원 조교수
2020년 연세대학교 강남세브란스병원 임상진료교수
2019년 전북대학교병원 진료교수
2018년 연세대학교 신촌세브란스병원 임상연구조교수
2017년 연세대학교 강남세브란스병원 임상강사(이과학)

[ 학회활동 ]
대한평형의학회 정회원
대한이과학회 정회원
대한이비이후과학회 정회원
Clinical and Experimental Otorhinolaryngology 논문심사위원"
이비인후과,정동원,eab50fec8a43c209992212700a0af21a.jpg,교수,"코, 코성형, 축농증, 부비동내시경수술, 알레르기, 일반이비인후과",
이비인후과,김혜진,45f5e255bc00f21a782f596adc047fc3.jpg,임상교수,"축농증, 알레르기, 편도 및 아데노이드, 난청, 어지럼증, 일반이비인후과",
재활의학과,김권영,재활의학 김권영.jpg,교수,"뇌졸중 및 뇌손상 재활, 척수 및 근골격계 재활, 운동평가 및 처방, 평발 및 안짱다리 교정","대한재활의학회 이사
대한재활의학회 호남 제주 지회장
한국발달장애학회 이사
조선대학교 보건과학대학 작업치료학과장
대한재활의학회 정회원
대한노인병학회 정회원
대한노인병학회 호남지회 부회장
대한스포츠의학회 정회원
대한임상통증의학회 정회원
대한근전도전기진단학회 정회원
행복재활병원장
누리보듬 주간보호센터 운영위원장
호남권역재활병원 운영위원
호남권역재활병원장
건강보험심사평가원 비상근 심사위원
근로복지공단 질병판정위원
국민연금공단 자문위원
대한장애인체육회 의무분류위원
광주광역시 동구  CBR(지역사회중심재활) 자문위원
(현)조선대학교병원 재활의학과장"
정신건강의학과,김승곤,7a7ce7de5653f4ff1e81e735b48eb672.jpg,교수,"소아청소년 정신장애, 중독정신장애, 기분장애","조선대학교병원 정신건강의학과 과장
서울대학교 어린이병원 소아정신과 전임의
토론토대학 정신과 방문교수
대한생물치료정신의학회 학술이사
대한신경정신의학회 진료심의위원회 위원
대한소아청소년정신의학회 정회원
한국중독정신의학회 정회원
대한정신약물학회 정회원
대한우울조울병학회 정회원 및 이사
International Society for Biomedical Research on Alcoholism 정회원
전) 광주동구중독관리통합지원센터 센터장
전) 조선의학전문대학원 교육부장 역임"
정신건강의학과,추일한,c1984b48cd3a6d600010efab0bd79c21.jpg,교수,"치매, 노년기우울/조울병","서울대학교 의과대학 의학박사
(前) 서울대학교병원신경정신과 교수
(前) 스웨덴 카롤린스카의학원 방문교수
(現) 조선대학교 의과대학 정신건강의학과 교수
(前) 조선대학교병원 정신건강의학과 과장
(現) 대한노인정신의학회 간행이사
(現) 대한신경정신의학회 학술위원
(現) 광주광역시 광역치매센터장

<수상경력>
1. 2018. 09 Ministry of Health and Welfare Chair AWARD
2. 2017. 10. Acceptance into MARQUIS WHO’s WHO in the World
3. 2016. 04. KOREAN NEUROPSYCHIATRY ASSOCIATION KORYO GERIATRIC PSYCHIATRY RESEARCH AWARD 2016 Korean Neuropsychiatric Association Annual Meetings, Seoul, Korea
4. 2009. 11. INTERNATIONAL JUNIOR INVESTIGATOR AWARD. 2009 Ninth Annual Meeting of the ICGP (International College of Geriatric Psychoneuropharmacology) The Johns Hopkins University, Baltimore, Maryland, USA Novemver 4 – 7, 2009
5. 2009. 10. EXCELLENT POSTER AWARD. 2009 Korean Neuropsychiatric Association Annual Meetings, Seoul, Korea. (CHOO IH, et al. Influence of the apolipoprotein E type 4 allele on cerebral amyloid deposition and glucose metabolism in cognitively normal elderly: PIB-PET and FDG-PET study)
6. 2008.10. EXCELLENT POSTER AWARD. 2008 Korean Neuropsychiatric Association Annual Meetings, Seoul, Korea. (CHOO IH, et al. Posterior cingulate cortex atrophy and regional cingulum disruption in mild cognitive impairment and Alzheimer’s disease)
7. 2007.10. EXCELLENT POSTER AWARD. 2007 Korean Neuropsychiatric Association Annual Meetings, Seoul, Korea. (CHOO IH, et al. Posterior Cingulate Cortex atrophy in Mild Cognitive Impairment and Alzheimer’s disease)
8. 2005.12. EXCELLENT POSTER AWARD. Japan-Korea Joint Symposium on Alzheimer’s Disease, 2005 Korean College of Geriatric Psychoneuropharmacology (KCGP), Seoul, Korea. (CHOO IH, et al. Topographical progression of glucose hypometabolism according to the clinical severity in 116 Alzheimer’s disease patients)
9. 2005.10. EXCELLENT POSTER AWARD. 2005 Korean Neuropsychiatric Association Annual Meetings, Seoul, Korea. (CHOO IH, et al. Topographical progression of glucose hypometabolism according to the clinical severity in 116 Alzheimer’s disease patients)
10. 2004.10. EXCELLENT POSTER AWARD. 2004 Korean Neuropsychiatric Association Annual Meetings, Seoul, Korea. (CHOO IH, et al. Decreased glucose metabolism of posterior cingulate gyrus in Questionable Dementia (CDR 0.5))"
정신건강의학과,윤형준,0a19a7590451270424330016dc8cee28.jpg,교수,"조현병, 기질성 정신장애","현) 조선대학교 의과대학 정신과학교실 부교수
웨스턴대학교 런던 헬스 사이언스 센터 방문교수
한림대학교 의과대학 의학과 학사 (2004)
한림대학교 일반대학원 의학과 석사 (2008)
2005-2009 한림대학교 성심병원 정신과 전공의 과정 수료 및 전문의 취득
2009-2012 국군대구병원 정신과 과장
2012-2013 연세대학교 강남세브란스병원 정신건강의학과 연구강사
2013-2014 연세대학교 강남세브란스병원 정신건강의학과 임상연구조교수
2017-2021 조선대학교 의과대학 정신과학교실 조교수
대한불안의학회 불안장애 심층치료 과정 수료
대한노인정신의학회 전임의 과정 수료 및 노인정신건강인증의 취득
대한조현병학회 Fellowship training 과정 수료 및 우수 Fellow상 수상
대한신경정신의학회 정회원
대한뇌기능매핑학회 정회원
대한생물치료정신의학회 평이사
전)대한조현병학회 평이사
전)대한생물치료정신의학회 재무이사"
정신건강의학과,김성재,7c1a5cfe14bd89a7b910b08f5429b654.png,교수,"불면증·기면병·수면장애,  치매·기억력장애,  우울·공황장애","조선의대 정신건강의학교실 부교수
코로나 19통합심리지원단 상담위원
대한수면학회 무임소이사
한국정신병리-진단분류학회 간행이사
정신병리학회지(The Korean Journal of Psychopathology) 편집위원장
Journal of Sleep Medicine 편집위원
ISBD (국제조울병학회) Task Force on Chronotherapy 학술위원
(2012-2014) Post-doc Research Fellow, Division of Sleep and Circadian Rhythm, Northwestern Feignberg School of Medicine (미국)
(2011-2022) 강원의대 초빙교수/객원교수/강사
(2020) 한국판 성인 불면증 임상진료지침 실행위원
"
정형외과,손홍문,손홍문교수.jpg,교수,"목디스크, 허리디스크, 신경수술, 수족부 수술","조선대학교 의과대학 정형외과 교수(의학박사)
(전) 조선대학교병원 정형외과장
대한 정형외과학회 정회원
미국 정형외과학회 정회원
대한 척추외과학회 정회원
대한 수부외과학회 정회원
대한 미세수술학회 정회원
캐나다 University of British Columbia 척추 연구 교수
미국 Washington University at Saint Louise 경추 수술 연수
일본 Tohoku University 정형외과 척추 수술 연수"
정형외과,이준영,7072a387aca8eacaa4332d224a3ea20e.jpg,교수,"족부정형외과(당뇨족, 족부변형, 족관절스포츠손상), 외상및관절변형","2020.05 ~ 현) 조선대병원 정형외과 교수
2020.03 ~ 현) 조선대병원 관절센터 센터장
2020.05 ~
한국 족부족관절학회 정회원
미국 족부족관절학회 정회원
대한골절학회 학술위원 및 감사
대한스포츠학회 편집위원
대한축구협회 의무위원 및 2018 아시안게임 축구 국가대표 팀주치의 역임
광주시민프로축구단 팀주치의
2020.05 ~ 현) 조선대병원 정형외과 교수
2020.03 ~ 현) 조선대병원 관절센터 센터장
1988.03 ~ 조선대학교 의과대학 수석입학

* 2007.08~2008.07 미국 듀크대학병원 정형외과 방문교수
* 2017.11~2017.12 캐나다 캘거리의대 외상센터 방문교수"
정형외과,김동휘,정형외과 김동휘.jpg,교수,"무릎관절 및 어깨관절 (관절경, 스포츠손상, 인대재건술), 인공관절치환술","[경력]
2021.05-2021.12 조선대학교 진료부장
2019.12-2021.04 조선대학교 교육연구부장
2018.06-현재 조선대학교 의학전문대학원 학생부장
2017.10-현재 대한관절경학회 학술위원
2017.08-현재 대한정형외과초음파학회 학술위원
2017.01-현재 대한정형외과 스포츠의학회 국제교육위원회 위원
2017.01-현재 대한운동계줄기세포 재생의학회 학술위원
2014.07-현재 대한슬관절학회 학술위원
2013.05-현재 대한슬관절학회 홍보전산위원
2015.05-2015.06 대한정형외과스포츠의학회 GOTS Travelling Fellow (독일,오스트리아,스위스)
2010.08-2012.02 미국, University of Pittsburgh Medical center 연수
2005.03-현재 조선대학교 의과대학 교수
[학력]
2018.02 조선대학교 대학원 의학 박사
2002.02 조선대학교 대학원 의학 석사
1998.02 조선대학교 의과대학"
정형외과,이광철,991c73315588b1fa2bff357b66a3253f.jpg,교수,"골절 외상 및 골절 합병증, 무릎 관절 및 어깨 관절(관절경, 스포츠 손상, 인대재건술, 인공관절치환)","2017.12~ AO trauma Korea faculty
2013.11~ 한국국제보건의료재단 회원, Korea Disaster Relief Team (KDRT)for Medical and Rescue Work in Tacloban City in Philippine
2013.3~ 대한외상학회 정회원, 외상 세부전문의
2010.9~ 정형외과 교수
2010.6~ 대한슬관절학회 정회원
2006.3~ 대한골절학회 정회원
2006.3~ 대한정형외과학회 정회원

2015.2~2016.8 UC Davis medical center, Traumatology, USA
2014.7 AO trauma fellowship in University of Schleswig-Holstein Medical Center, Department of Trauma Surgery, Germany
2010.8 서울아산병원 인공관절 센터 short term fellowship
2010.6 삼성서울병원 관절경 센터 short term fellowship"
정형외과,조승환,8cf9219229df9cbf5072e91138390213.jpg,교수,"고관절 질환 (인공관절 치환술, 관절내시경), 인공관절후 감염. 고관절 스포츠 손상, 고관절 및 골반 골절, 골다공증, 고관절 주변 통증클리닉","2005-2010 조선대학교병원 레지던트 및 전임의 수료
2011-2013 국군수도통합병원 정형외과 군의관
2012.3 미국 조브클리닉 스포츠센터 연수
2013.4 미국 코넬대학교 특별수술병원 (Hospital for Special Surgery) 고관절보존센터 연수
2013.5-2014.9 미국 메이요클리닉 인공관절센터 연구전임의
2014.9-2015.3 호주 멜번대학교 고관절내시경 임상전임의
2016.3 조선대학교병원 정형외과 조교수
2019.6 독일,스위스,오스트리아 스포츠학회 (GOTS) Traveling Fellow
2022.8- 미국 뉴욕 특별수술병원 (Hospital for Special Surgery) 복잡인공관절센터 연수
2023.3- 조선대학교병원 정형외과 교수
조선대학교 의학박사
대한정형외과 (KOA) 정회원
대한고관절학회 (KHS) 학술위원
대한정형외과 스포츠학회 (KOSSM) 편집위원
미국정형외과 인공관절학회 (AAHKS) 국제회원
미국정형외과 연구학회 (ORS) 감염분과위원
세계고관절내시경 및 보존학회 (ISHA) 정회원"
정형외과,조용진,326ab38001c1ffc22394c11c4dda4d6b.jpg,교수,"소아, 골종양, 외상, 고관절, 고관절 내시경, 골반골절","연세대학교 신촌세브란스병원 조교수
골관절종양학회 정회원
소아정형외과학회 정회원
골연장변형교정학회 정회원"
정형외과,박형석,7a28cae1aca2169289f7494c51d0188f.jpg,교수,"어깨 및 팔꿈치 관절질환(관절경, 인공관절치환술), 어깨, 팔꿈치 및 상지 골절외상, 스포츠 손상",
정형외과,김바롬,7a599fa98a70c922c7df925b22899d0f.jpg,임상교수,"일반정형외과, 외상",
정형외과,류제홍,7b39768b834d025e6e1c3adc4f0c6b75.jpg,임상교수,"일반정형외과, 외상",
직업환경의학과,이철갑,산업의학 이철갑.jpg,교수,"직업성근골격계질환, 산재상담, 채용신검, 일반건강진단","現) 대한직업환경의학회 이사
現) 전남농업안전보건센터 센터장
現) 조선대학교병원 직업환경의학과장
現) 광주・전라・제주 직업병안심센터장
現) 전남농업안전보건센터장

대한가정의학회 정회원 (가정의학 전문의)
대한예방의학회 정회원 (예방의학 전문의)
대한직업환경의학회 정회원 (직업환경의학 전문의)"
직업환경의학과,송한수,d8659b72c6b7b2b9e2e07a5acf7cc516.jpg,교수,"직업성근골격계질환, 산재상담, 채용신검, 일반건강진단","2020년 ~ 현. 찾아가는금연서비스팀장
2013년 ~ 현. 산업안전보건연구원 역학조사 겸임연구원
2013년 ~ 현. 대한직업환경의학회 학술위원회, 수련위원회 위원
2012년 ~ 현. 광주근로자건강센터 부센터장
2011년 ~ 현. 광주지역 업무상질병판정위원회 위원

2012년 3월 조선대병원 직업환경의학과 조교수
2011년 ~ 2012년 조선대병원 직업환경의학과 전임의
2011년 광주업무상 질병판정위원회 위원
2006년 ~ 2007년 광주신가병원 응급실장
2011년 조선대학교 의학박사
2011년 산업의학과 전문의
2009년 조선대학교 의학석사
2002년 전남대학교 의과대학 의학사"
진단검사의학과,박건,524ba8c3ce6ef1a6d4e3ecac779b46e3.JPG,교수,"진단세포유전학, 진단분자유전학, 수혈의학",
진단검사의학과,강성호,강성호_진단검사의학과.jpg,교수,"진단혈액학, 분자유전학","서울대학교 의과대학 졸업
서울대학교병원 전공의 수료
서울대학교병원 임상강사
서울대학교 의과대학 의학박사
예일대학교 의과대학 연수

American society of hematology, international member
한국연구재단 기본연구 연구비 수혜 (2018, 2021)"
진단검사의학과,고영진,22deb80bc9a9ab4028c03cb5d8e72993.jpg,교수,"임상미생물학, 이식면역학",
진단검사의학과,이희라,f7d188ce89be0b717b6bce6af64183ab.jpg,교수,"임상화학, 진단면역학",
피부과,신봉석,b9f6471fe6f4f707c69d38393bd31c9c.JPG,교수,"건선, 백반증, 엑시머광선치료, 결체조직질환, 임신관련피부질환","2021.12 ~ : 현) 조선대학교병원 기획실장
2021.05 ~ : 2021.12) 조선대학교병원 보건의료사업팀장
2020.05 ~ : 현) 성매개감염병 전문가 자문위원
2016. ~ 2020.02: 전) 대한피부과학회 평의원
2016.03 ~ : 현) 대한건선학회 간행이사
2012.09 ~ 2016.02 : 전) 대한건선학회 정보교육이사
2017.03 ~ : 조선대학교병원 피부과 교수
2013.03 ~ : 조선대학교병원 피부과 부교수
2012.01 ~ 2019.12 : 전) 조선대학교병원 피부과 과장
2011.07 ~ 2012.06 : 일본 나고야시립대학병원 연수
2008.03 ~ 2010.02 : 조선대학교병원 피부과 조교수
2007.05 ~ 2008.02 : 조선대학교병원 피부과 임상교수
2004.03 ~ 2007.04 : 군의관
2004.02 전문의 취득 : 조선대학교병원
1999.3 ~ 2004.2 조선대학교 전공의 수료
1999 조선대학교 의과대학 졸업"
피부과,김민성,dbd5d25bae52da6704d9cc9f1d4a19d2.JPG,교수,"피부외과(피부암, 켈로이드, 액취증), 손발톱질환, 모발클리닉","2020.01 ~ 현) 조선대학교병원 피부과 과장
2016 ~ 현) 호남지부회 총무-재무이사
2016 ~ 현) 미용피부외과학회 기획간사
2016 ~ 현) 피부암학회 이사
2017.03 ~ 현) 조선대학교병원 피부과 부교수
2012.03 ~ 조선대학교병원 피부과 조교수
2011.03 ~ 2012.02(조선대학교병원 피부과 전임강사)
2010.05 ~ 2011.02(조선대학교병원 피부과 임상교수)
2007.03 ~ 2010.04(군의관)
2007.02 : 전문의취득(조선대학교병원)
2002 조선대학교 의과대학 졸업"
피부과,나찬호,551bce82840a3871f4a8efea4911667a.JPG,교수,"아토피피부염, 피부감염, 진균질환, 피부병리","2020.01 ~ 2021.12 조선대학교 병원 연구지원팀장
2019.03 ~ 현) 조선대학교 병원 부교수
2018.12 ~ 2019.11 : 해외연수(Oregon Health & Science University)
2012.03 ~ 2019.02 : 조교수(조선대학교병원 피부과)
2011.03 ~ 2012.02 : 임상교수(조선대학교병원 피부과)
2011.02 : 전문의 취득(조선대학교병원)

2020.12 ~ 현) 대한화장품의학회 기획이사
2020.01 ~ 현) 대한피부과학회 학술-홍보위원
2020.01 ~ 현) 대한피부과학회 호남지회 학술-재무이사
2019.12 ~ 현) 대한아토피피부염학회 간행이사
2019.06 ~ 현) 대한의진균학회 홍보이사
2018. ~ 2019.12 전) 대한아토피피부염학회 기획간사
2016. ~ 2019.12 전) 대한피부과학회 학술위원
2016. ~ 2019.12 전) 대한피부과학회 호남지회 학술이사

<연수>
2018.12 ~ 2019.11 해외연수(Oregon Health & Science University)"
피부과,최훈,104e704f6e47628db8906a5443dbc6b1.JPG,교수,"홍조(주사), 여드름, 화농성한선염, 흉터 및 레이저 클리닉, 두드러기, 소아피부질환","대한여드름주사학회
대한피부과학회 학술위원
대한피부과학회 의약품 및 의료기기 위원
2017.09 ~ 현) 조선대학교병원 피부과 조교수
2017.05 ~ 2017.08 : 전임의(조선대학교병원 피부과)
2014.03 ~ 2017.04 : 군의관
2014.02 : 전문의 취득(조선대학교병원)
2009 조선대학교 의과대학 졸업"
피부과,배인호,522b5017c99eed624e1eb0ad13646e71.jpg,임상교수,"습진, 알레르기접촉피부염, 여드름, 진균질환, 악성종양, 피부미용",
핵의학과,하정민,844514ba49e7efa671283aa4385c386b.jpg,교수,"핵의학, 방사성동위원소 치료","(현) 조선대학교병원 핵의학과장

대한핵의학회 정회원
대한갑상선학회 정회원
대한암학회 정회원
방사성동위원소취급자특수면허
University of Calgary 연수"
핵의학과,정아리,f435278707009c504dc06b30038956b2.jpg,교수,"핵의학, 방사성동위원소 치료","<약력>
1999 전남대학교 전체 수석입학
2005.2 전남대학교 의과대학 졸업A
2005.3~2006.2 전남대학교병원 인턴 수료
2007.3~2011.2 전남대학교병원 핵의학과 전공의 수련
2009.6 The Division of Nuclear Medicine, Department of Radiology at Stanford University, unpaid observer
2009.8 전남대학교 의과대학 의학석사
2009.12 방사성동위원소 취급자 특수면허 취득
2011.3 핵의학 전문의 취득
2011.3~2012.3 전남대학교병원 핵의학과 전임의
2012.4~2013.2 전남대학교병원 핵의학과 임상진료교수
2013.3~현재  조선대학교병원 핵의학과

<학회활동>
대한핵의학회 정회원/평생회원
대한갑상선학회  정회원/평생회원
2016.10~ 2018.10 대한핵의학회 정도관리 위원

<수상경력>
2018.10 대한핵의학회 우수심사위원상
2013.2 전남대학교, 우수논문상
2011.7 한국과학기술단체 총연합회, 제 21회 과학기술 우수논문상
2010.2 대한핵의학회 한서핵의학지회, 우수논문상
2009.10 대한핵의학회, 구연상
2009.9 전남대병원, 우수직원표창
2005.2 전남대학교 의과대학, 의대학장상"
