dptm,name,img_name,position,clinic
가정의학과,송상욱,가톨릭대학교 성빈센트병원 가정의학과 송상욱.png,교수,"평생건강관리, 만성피로클리닉, 임상영양, 비만관리"
가정의학과,김세홍,가톨릭대학교 성빈센트병원 가정의학과 김세홍.png,교수,"노인병, 통증, 비만, 가족상담, 특이증상,홈케어(가정간호)"
가정의학과,강성구,가톨릭대학교 성빈센트병원 가정의학과 강성구.png,임상교수,"성인병관리, 금연클리닉, 임상영양,평생건강관리"
가정의학과,노준승,가톨릭대학교 성빈센트병원 가정의학과 노준승.png,임상교수,"만성피로클리닉, 금연클리닉, 만성통증, 평생건강관리, 성의학"
가정의학과,김하나,가톨릭대학교 성빈센트병원 가정의학과 김하나.png,조교수,"임상영양, 기능의학, 비만, 성인병, 예방접종"
가정의학과,이윤아,가톨릭대학교 성빈센트병원 가정의학과 이윤아.png,임상조교수,"평생건강관리/비만클리닉/임상영양/성인예방접종/국제진료센터(외국인 진료, 해외여행자, 유학생 진료)"
가정의학과,정수영,가톨릭대학교 성빈센트병원 가정의학과 정수영.png,임상강사,평생건강관리/성인병/예방접종
가정의학과,김보경,가톨릭대학교 성빈센트병원 가정의학과 김보경.png,임상강사,"평생건강관리, 성인병관리, 노인병, 통증"
간·담·췌외과,유동도,가톨릭대학교 성빈센트병원 간·담·췌외과 유동도.png,교수,"간이식, 간, 담도, 췌장, 복강경, 로봇수술"
간·담·췌외과,한재현,가톨릭대학교 성빈센트병원 간·담·췌외과 한재현.png,부교수,"간이식, 간담췌질환, 간담도췌장암, 복강경수술, 로봇수술"
간·담·췌외과,우윤경,가톨릭대학교 성빈센트병원 간·담·췌외과 우윤경.png,임상강사,일반외과(간.담.췌)
감염내과,위성헌,가톨릭대학교 성빈센트병원 감염내과 위성헌.png,교수,"감염질환, 불명열, 성인예방접종, 해외여행관련 감염병"
감염내과,김미희,가톨릭대학교 성빈센트병원 감염내과 김미희.png,임상진료조교수,"감염질환, 불명열, 성인예방접종, 해외여행관련 감염병"
갑상선내분비외과,서영진,가톨릭대학교 성빈센트병원 갑상선내분비외과 서영진.png,교수,"갑상선, 침샘(이하선, 악하선), 임파선"
갑상선내분비외과,전예원,가톨릭대학교 성빈센트병원 갑상선내분비외과 전예원.png,부교수,"유방, 유전성 유방암, 갑상선"
갑상선내분비외과,임승택,가톨릭대학교 성빈센트병원 갑상선내분비외과 임승택.png,조교수,"갑상선, 부갑상선, 로봇수술 (경구, 경액와), 임파선, 유방"
갑상선내분비외과,양지아,가톨릭대학교 성빈센트병원 갑상선내분비외과 양지아.png,임상강사,"갑상선, 유방, 임파선"
갑상선내분비외과,박병관,가톨릭대학교 성빈센트병원 갑상선내분비외과 박병관.png,임상강사,"갑상선, 유방, 임파선"
내분비내과,안유배,가톨릭대학교 성빈센트병원 내분비내과 안유배.png,교수,"당뇨병, 갑상선질환, 고지혈증, 뇌하수체, 부신질환"
내분비내과,고승현,가톨릭대학교 성빈센트병원 내분비내과 고승현.png,교수,"당뇨병, 갑상선질환"
내분비내과,윤재승,가톨릭대학교 성빈센트병원 내분비내과 윤재승.png,교수,"당뇨병, 갑상선질환, 뇌하수체, 기타 호르몬질환"
내분비내과,김규호,가톨릭대학교 성빈센트병원 내분비내과 김규호.png,임상진료조교수,"당뇨병, 갑상선질환, 뇌하수체, 기타 호르몬질환"
대장·항문외과,조현민,가톨릭대학교 성빈센트병원 대장·항문외과 조현민.png,교수,"대장암, 로봇수술, 복강경수술, 대장항문질환, 부신질환"
대장·항문외과,계봉현,가톨릭대학교 성빈센트병원 대장·항문외과 계봉현.png,교수,"대장암,염증성 장질환,변실금,항문양성질환,탈장,대장내시경"
대장·항문외과,문지연,가톨릭대학교 성빈센트병원 대장·항문외과 문지연.png,임상진료조교수,대장항문질환
대장·항문외과,정규성,가톨릭대학교 성빈센트병원 대장·항문외과 정규성.png,임상강사,일반외과(대장항문)
류마티스내과,박경수,가톨릭대학교 성빈센트병원 류마티스내과 박경수.png,교수,"루푸스 및 자가면역질환, 류마티스관절염, 퇴행성(골)관절염, 통풍, 강직성척추염, 기타 난치성관절염"
류마티스내과,김기조,가톨릭대학교 성빈센트병원 류마티스내과 김기조.png,교수,"강직성척추염, 류마티스관절염, 통풍, 루푸스, 경피증"
류마티스내과,박윤정,가톨릭대학교 성빈센트병원 류마티스내과 박윤정.png,교수,"류마티스관절염, 루푸스, 베체트, 강직성척추염, 염증성 근염"
류마티스내과,정승민,가톨릭대학교 성빈센트병원 류마티스내과 정승민.png,임상조교수,"류마티스관절염,강직성척추염,루푸스,전신경화증,혈관염"
마취통증의학과,김대우,가톨릭대학교 성빈센트병원 마취통증의학과 김대우.png,명예진료교수,"대상포진후신경통, 복합통증, 섬유근통, 허리·목·어깨·무릎통증"
마취통증의학과,강유진,가톨릭대학교 성빈센트병원 마취통증의학과 강유진.png,임상교수,일반마취
마취통증의학과,전연수,가톨릭대학교 성빈센트병원 마취통증의학과 전연수.png,교수,"산과마취, 정맥마취"
마취통증의학과,김용신,가톨릭대학교 성빈센트병원 마취통증의학과 김용신.png,교수,"정맥마취, 일반마취"
마취통증의학과,주진덕,가톨릭대학교 성빈센트병원 마취통증의학과 주진덕.png,교수,통증치료
마취통증의학과,인장혁,가톨릭대학교 성빈센트병원 마취통증의학과 인장혁.png,교수,"산과마취, 정맥마취"
마취통증의학과,최진우,가톨릭대학교 성빈센트병원 마취통증의학과 최진우.png,교수,"심폐마취, 뇌신경마취, 일반마취"
마취통증의학과,정홍수,가톨릭대학교 성빈센트병원 마취통증의학과 정홍수.png,부교수,"심장마취, 정맥마취"
마취통증의학과,권소영,가톨릭대학교 성빈센트병원 마취통증의학과 권소영.png,부교수,"허리·목디스크, 척추협착증, 척추수술후통증, 두통, 대상포진후신경통, 어깨통증, 무릎통증"
마취통증의학과,박유정,가톨릭대학교 성빈센트병원 마취통증의학과 박유정.png,조교수,"척추(허리,목 디스크, 척추협착증), 골반통증, 대상포진후신경통, 어깨, 무릎통증, 암성통증, 신경병성통증"
마취통증의학과,전은화,가톨릭대학교 성빈센트병원 마취통증의학과 전은화.png,임상강사,"대상포진 후 신경통, 척추통증, 어깨통증, 무릎통증, 근골격계 통증"
마취통증의학과,김서영,가톨릭대학교 성빈센트병원 마취통증의학과 김서영.png,진료의사,none
마취통증의학과,박연진,가톨릭대학교 성빈센트병원 마취통증의학과 박연진.png,진료의사,none
마취통증의학과,김재석,가톨릭대학교 성빈센트병원 마취통증의학과 김재석.png,임상강사,none
방사선종양학과,김성환,가톨릭대학교 성빈센트병원 방사선종양학과 김성환.png,교수,"폐암, 직장암, 식도암, 전립선암"
방사선종양학과,이종훈,가톨릭대학교 성빈센트병원 방사선종양학과 이종훈.png,교수,"유방암, 부인암"
방사선종양학과,이주환,가톨릭대학교 성빈센트병원 방사선종양학과 이주환.png,임상조교수,"간암, 담도암, 췌장암, 위암, 육종, 두경부암"
방사선종양학과,이효천,가톨릭대학교 성빈센트병원 방사선종양학과 이효천.png,임상조교수,"전이암, 혈액암, 청신경초종, 뇌종양, 뇌혈관 질환"
병리과,최현주,가톨릭대학교 성빈센트병원 병리과 최현주.png,교수,"유방병리, 세포병리"
병리과,정지한,가톨릭대학교 성빈센트병원 병리과 정지한.png,교수,"위장관병리, 세포병리"
병리과,유창영,가톨릭대학교 성빈센트병원 병리과 유창영.png,교수,"피부병리, 골연부조직병리, 세포병리"
병리과,임소영,가톨릭대학교 성빈센트병원 병리과 임소영.png,부교수,"소화기병리, 세포병리"
병리과,조의주,가톨릭대학교 성빈센트병원 병리과 조의주.png,조교수,"폐병리, 혈액림프망내계병리, 비뇨생식기병리, 분자병리"
병리과,이유진,가톨릭대학교 성빈센트병원 병리과 이유진.png,임상진료조교수,"신경병리, 두경부병리, 분자병리"
병리과,박홍식,가톨릭대학교 성빈센트병원 병리과 박홍식.png,임상진료조교수,"간담췌병리, 신장병리, 분자병리"
병리과,정향숙,가톨릭대학교 성빈센트병원 병리과 정향숙.png,임상진료조교수,"내분비병리, 비뇨병리"
병리과,정예슬,가톨릭대학교 성빈센트병원 병리과 정예슬.png,임상진료조교수,none
비뇨의학과,이승주,가톨릭대학교 성빈센트병원 비뇨의학과 이승주.png,교수,비뇨기종양(암)/로봇수술/요로생식기감염/신장이식
비뇨의학과,이동섭,가톨릭대학교 성빈센트병원 비뇨의학과 이동섭.png,교수,신장결석/내시경수술/성기능장애
비뇨의학과,김희연,가톨릭대학교 성빈센트병원 비뇨의학과 김희연.png,부교수,비뇨기종양(암)/복강경수술/신장이식
비뇨의학과,유제모,가톨릭대학교 성빈센트병원 비뇨의학과 유제모.png,임상부교수,요로결석/내시경수술/일반비뇨의학
비뇨의학과,최영효,가톨릭대학교 성빈센트병원 비뇨의학과 최영효.png,임상진료조교수,"비뇨기종양(암), 로봇수술,복강경수술, 전립선질환"
산부인과,권동진,가톨릭대학교 성빈센트병원 산부인과 권동진.png,교수,"폐경기, 골다공증, 불임, 월경이상, 사춘기이상, 부인과질환"
산부인과,박동춘,가톨릭대학교 성빈센트병원 산부인과 박동춘.png,교수,"부인종양학(암), 로봇수술, 부인암복강경수술, 로봇단일복강경수술, 일반부인과학"
산부인과,윤주희,가톨릭대학교 성빈센트병원 산부인과 윤주희.png,교수,"부인암/전암(HEEP등), 싱글포트로봇수술, 단일경로복강경(GLAMOR), 무흉터수술(GV-NOTES), 골반탈출교정술(H-suspension)"
산부인과,조윤성,가톨릭대학교 성빈센트병원 산부인과 조윤성.png,교수,"일반산과학,고위험 임신,기형아 관리,태아정밀초음파"
산부인과,강소연,가톨릭대학교 성빈센트병원 산부인과 강소연.png,임상조교수,부인과 내분비학(월경장애)/ 복강경수술/ 골반통/ 골반장기 탈출증/ 비뇨부인과/ 일반부인과/갱년기 장애/갱년기 수면장애/바로톨린 낭종(항생체 치료만 가능)
산부인과,김상일,가톨릭대학교 성빈센트병원 산부인과 김상일.png,조교수,"부인종양학(암), 단일공복강경수술, 부인암복강경수술, 일반부인과학"
산부인과,김명선,가톨릭대학교 성빈센트병원 산부인과 김명선.png,임상진료조교수,"부인종양학(암), 단일공복강경수술, 로봇(단일공)수술, 환자혈액관리(최소/무수혈) 및 수술후 조기회복 프로그램"
산부인과,이아라,가톨릭대학교 성빈센트병원 산부인과 이아라.png,임상진료조교수,"부인과 내분비학(월경장애), 복강경수술, 골반통, 골반장기 탈출증, 비뇨부인과, 일반부인과,갱년기 장애"
산부인과,조상현,가톨릭대학교 성빈센트병원 산부인과 조상현.png,임상진료조교수,"부인종양학,일반부인학,복강경 수술"
산부인과,겐유끼,가톨릭대학교 성빈센트병원 산부인과 겐유끼.png,임상진료조교수,"일반부인과,산과학,고위험임신,기형아관리,태아정밀 초음파"
산부인과,이선의,가톨릭대학교 성빈센트병원 산부인과 이선의.png,임상진료조교수,"일반산과학, 고위험 임신, 기형아 관리, 태아정밀초음파, 일반부인과학"
산부인과,임수빈,가톨릭대학교 성빈센트병원 산부인과 임수빈.png,임상강사,"(단일공) 복강경수술, 로봇복강경수술(자궁근종, 자궁선근증, 난소낭종), 세포 이상, 일반 부인과"
산부인과,강성은,가톨릭대학교 성빈센트병원 산부인과 강성은.png,입원전담의,none
산부인과,조준식,가톨릭대학교 성빈센트병원 산부인과 조준식.png,입원전담의,none
산부인과,홍지연,가톨릭대학교 성빈센트병원 산부인과 홍지연.png,임상강사,"일반부인과&산과학,고위험임신, 기형아관리,태아정밀 초음파"
성형외과,한기택,가톨릭대학교 성빈센트병원 성형외과 한기택.png,명예진료교수,"선천성기형, 악안면외과, 구순구개열, 유방성형, 미용외과"
성형외과,임진수,가톨릭대학교 성빈센트병원 성형외과 임진수.png,교수,"선천성두개안면기형, 구순구개열, 미용성형, 악안면외상, 미세수술"
성형외과,김민철,가톨릭대학교 성빈센트병원 성형외과 김민철.png,임상교수,"안면부외상, 화상, 미용성형"
성형외과,심형섭,가톨릭대학교 성빈센트병원 성형외과 심형섭.png,부교수,"하지재건,당뇨병성 족부궤양,림프부종,만성창상,수부외상 및 질환"
성형외과,김동연,가톨릭대학교 성빈센트병원 성형외과 김동연.png,임상조교수,"악안면 외상, 미세재건(두경부종양, 당뇨족, 안면 마비), 욕창, 흉터, 미용성형(눈성형, 안면거상술, 안면윤곽)"
성형외과,유현정,가톨릭대학교 성빈센트병원 성형외과 유현정.png,임상강사,"악안면외상,수부외상,당뇨족,화상,욕창"
소아청소년과,김종현,가톨릭대학교 성빈센트병원 소아청소년과 김종현.png,교수,"소아청소년 감염질환(결핵과 바이러스 간염을 포함한 각종 바이러스 및 세균질환, 지속적인 열, 만성기침), 특수한 상황의 예방접종"
소아청소년과,오진희,가톨릭대학교 성빈센트병원 소아청소년과 오진희.png,교수,"선천성•후천성 심장질환, 심잡음, 흉통, 가와사끼병"
소아청소년과,이정현,가톨릭대학교 성빈센트병원 소아청소년과 이정현.png,교수,신생아학
소아청소년과,조원경,가톨릭대학교 성빈센트병원 소아청소년과 조원경.png,부교수,"내분비질환, 당뇨, 성장 및 사춘기, 일반소아과학"
소아청소년과,유일한,가톨릭대학교 성빈센트병원 소아청소년과 유일한.png,조교수,"소아신경, 일반소아과학"
소아청소년과,문청준,가톨릭대학교 성빈센트병원 소아청소년과 문청준.png,임상조교수,none
소화기내과,양진모,가톨릭대학교 성빈센트병원 소화기내과 양진모.png,교수,"간암, 간경변, 간질환"
소화기내과,이강문,가톨릭대학교 성빈센트병원 소화기내과 이강문.png,교수,"염증성 장질환,위암•대장암 치료내시경, 위장 및 대장질환"
소화기내과,정우철,가톨릭대학교 성빈센트병원 소화기내과 정우철.png,교수,"위암•대장암치료 내시경, 위장 및 대장 질환, 췌담도"
소화기내과,장우임,가톨릭대학교 성빈센트병원 소화기내과 장우임.png,교수,"간암, 간경변, 간질환"
소화기내과,백창렬,가톨릭대학교 성빈센트병원 소화기내과 백창렬.png,교수,"췌담도, 위질환"
소화기내과,송도선,가톨릭대학교 성빈센트병원 소화기내과 송도선.png,부교수,"간암, 간경변, 간염, 알콜성간질환, 비알콜성지방간"
소화기내과,이지민,가톨릭대학교 성빈센트병원 소화기내과 이지민.png,조교수,염증성 장질환/위장 및 대장질환/췌담도 질환
소화기내과,조익현,가톨릭대학교 성빈센트병원 소화기내과 조익현.png,조교수,"췌담도, 위질환"
소화기내과,이아림,가톨릭대학교 성빈센트병원 소화기내과 이아림.png,임상진료조교수,간질환
소화기내과,임나래,가톨릭대학교 성빈센트병원 소화기내과 임나래.png,진료의사,소화기질환
소화기내과,임새날,가톨릭대학교 성빈센트병원 소화기내과 임새날.png,임상강사,소화기질환
소화기내과,황순주,가톨릭대학교 성빈센트병원 소화기내과 황순주.png,임상강사,소화기질환
소화기내과,민지수,가톨릭대학교 성빈센트병원 소화기내과 민지수.png,임상강사,소화기질환
소화기내과,김지영,가톨릭대학교 성빈센트병원 소화기내과 김지영.png,임상강사,소화기질환
소화기내과,심동보,가톨릭대학교 성빈센트병원 소화기내과 심동보.png,임상강사,소화기질환
소화기내과,전가경,가톨릭대학교 성빈센트병원 소화기내과 전가경.png,임상강사,소화기질환
소화기내과,김은지,가톨릭대학교 성빈센트병원 소화기내과 김은지.png,입원전담의,none
순환기내과,유기동,가톨릭대학교 성빈센트병원 순환기내과 유기동.png,교수,"심장병, 고혈압, 협심증, 말초혈관질환"
순환기내과,문건웅,가톨릭대학교 성빈센트병원 순환기내과 문건웅.png,교수,"심장병, 고혈압, 협심증,심근경색"
순환기내과,김지훈,가톨릭대학교 성빈센트병원 순환기내과 김지훈.png,임상교수,부정맥
순환기내과,허성호,가톨릭대학교 성빈센트병원 순환기내과 허성호.png,교수,"심근경색,협심증,말초동맥혈관질환,구조적 심장질환,대동맥질환,당뇨발"
순환기내과,김지희,가톨릭대학교 성빈센트병원 순환기내과 김지희.png,부교수,"심부전, 심장판막질환, 폐동맥 고혈압, 선천성 심장실환, 심장병, 고혈압, 협심증, 파브리질환"
순환기내과,문동규,가톨릭대학교 성빈센트병원 순환기내과 문동규.png,임상부교수,"협심증,심근경색,대동맥판막질환(TAVI시술),허혈성심부전,말초혈관질환"
순환기내과,황유미,가톨릭대학교 성빈센트병원 순환기내과 황유미.png,조교수,"부정맥, 심부전, 인공 심박동기"
순환기내과,이수남,가톨릭대학교 성빈센트병원 순환기내과 이수남.png,조교수,"협심증, 심근경색, 선천성 심질환(심방중격결손, 난원공개존)"
순환기내과,장원영,가톨릭대학교 성빈센트병원 순환기내과 장원영.png,임상진료조교수,"심근경색,협심증,말초동맥혈관질환,고혈압,심부전,심근질환(아밀로이드증)"
순환기내과,정진,가톨릭대학교 성빈센트병원 순환기내과 정진.png,진료의사,"고혈압, 협심증,심근경색, 심부전"
순환기내과,김민식,가톨릭대학교 성빈센트병원 순환기내과 김민식.png,진료의사,"고혈압, 심근경색, 협심증, 심부전"
신경과,한시령,가톨릭대학교 성빈센트병원 신경과 한시령.png,임상교수,뇌졸중(뇌혈관질환)
신경과,박성경,가톨릭대학교 성빈센트병원 신경과 박성경.png,임상교수,"치매, 파킨슨"
신경과,안재영,가톨릭대학교 성빈센트병원 신경과 안재영.png,교수,"근육병, 말초신경질환, 다발성경화증, 척수염, 두통"
신경과,임성철,가톨릭대학교 성빈센트병원 신경과 임성철.png,임상교수,"뇌전증(간질), 수면, 두통"
신경과,노상미,가톨릭대학교 성빈센트병원 신경과 노상미.png,조교수,"두통, 뇌졸중"
신경과,배대웅,가톨릭대학교 성빈센트병원 신경과 배대웅.png,임상조교수,"두통(보톡스/통증유발점주사/신경차단술 통증클리닉, 난치성 편두통/군발두통), 어지럼증, 신경안과, 말초신경질환"
신경과,오주희,가톨릭대학교 성빈센트병원 신경과 오주희.png,임상진료조교수,"일반신경질환, 뇌전증(간질), 수면, 두통, 뇌졸중,뇌염, 실신"
신경과,황윤하,가톨릭대학교 성빈센트병원 신경과 황윤하.png,임상진료조교수,"이상운동질환(파킨슨병, 손떨림, 보행장애), 치매, 하지불안증후군, 잠꼬대, 두통, 어지러움"
신경외과,성재훈,가톨릭대학교 성빈센트병원 신경외과 성재훈.png,교수,"뇌혈관질환 클리닉(뇌동맥류, 뇌경색, 뇌출혈, 뇌혈관기형, 모야모야병)"
신경외과,김일섭,가톨릭대학교 성빈센트병원 신경외과 김일섭.png,교수,"경추, 요추 디스크 및 상·하지 방사통, 노인성 척추 질환, 척추 수술 후 증후군, 말초 신경 질환, 척추 종양 및 외상"
신경외과,양승호,가톨릭대학교 성빈센트병원 신경외과 양승호.png,교수,"뇌종양, 내시경 뇌하수체 수술, 두개저외과 수술, 악성뇌종양 항암치료, 소아신경외과, 뇌전간 수술"
신경외과,조철범,가톨릭대학교 성빈센트병원 신경외과 조철범.png,교수,"운동질환(파킨슨병, 수전증, 근이긴장증, 사경), 안면경련, 삼차신경통, 통증수술, 간질수술, 두부 외상"
신경외과,이호진,가톨릭대학교 성빈센트병원 신경외과 이호진.png,부교수,"경추, 요추 디스크 및 상·하지 방사통, 노인성 척추 질환, 척추 수술 후 증후군, 말초 신경 질환, 척추 종양 및 외상"
신경외과,김영일,가톨릭대학교 성빈센트병원 신경외과 김영일.png,임상부교수,"뇌종양, 퇴행성뇌질환, 두부외상, 두통, 내시경 뇌하수체 수술, 두개저외과 수술, 일반신경외과"
신경외과,이동훈,가톨릭대학교 성빈센트병원 신경외과 이동훈.png,조교수,"뇌혈관질환 클리닉, 뇌경색, 중풍, 두통, 어지러움증"
신경외과,송승윤,가톨릭대학교 성빈센트병원 신경외과 송승윤.png,임상진료조교수,"뇌혈관질환 클리닉, 뇌경색, 중풍, 두통, 어지러움증, 두부외상, 일반신경외과"
신경외과,김지용,가톨릭대학교 성빈센트병원 신경외과 김지용.png,임상강사,"척추클리닉, 척추외상, 말초신경질환, 일반신경외과"
신경외과,김승수,가톨릭대학교 성빈센트병원 신경외과 김승수.png,임상강사,"척추클리닉,척추외상,말초신경질환,일반신경외과"
신경외과,박신호,가톨릭대학교 성빈센트병원 신경외과 박신호.png,임상강사,"뇌혈관질환 클리닉,뇌경색,중풍,두통,어지러움증,두부외상,일반신경외과"
신장내과,진동찬,가톨릭대학교 성빈센트병원 신장내과 진동찬.png,교수,"신장기능검사 이상, 사구체 신염, 당뇨병성 신장병증, 혈액투석, 복막투석, 신장이식"
신장내과,김형욱,가톨릭대학교 성빈센트병원 신장내과 김형욱.png,교수,"신장이식, 혈뇨, 단백뇨, 신장질환, 당뇨병성 신장병증, 혈액투석, 복막투석"
신장내과,김용균,가톨릭대학교 성빈센트병원 신장내과 김용균.png,교수,"혈뇨,단백뇨,사구체신염,만성콩팥병증,급성콩팥병증,당뇨병성신증,루푸스신염,투석,신장이식,다낭성신증"
신장내과,김형래,가톨릭대학교 성빈센트병원 신장내과 김형래.png,임상강사,혈뇨/단백뇨/신장질환/당뇨병성 신장병증/혈액투석/복막투석
신장내과,조윤정,가톨릭대학교 성빈센트병원 신장내과 조윤정.png,임상강사,혈뇨/단백뇨/신장질환/당뇨병성 신장병증/혈액투석/복막투석
심장혈관흉부외과,조규도,가톨릭대학교 성빈센트병원 심장혈관흉부외과 조규도.png,명예진료교수,"흉부종양(폐암,식도암), 흉강경수술"
심장혈관흉부외과,조덕곤,가톨릭대학교 성빈센트병원 심장혈관흉부외과 조덕곤.png,교수,"흉부종양(폐암,식도암), 다한증, 로봇수술 및 흉강경수술, 소아흉부질환, 외상외과"
심장혈관흉부외과,조민섭,가톨릭대학교 성빈센트병원 심장혈관흉부외과 조민섭.png,임상교수,"성인심장혈관외과, 관상동맥질환, 판막질환, 대동맥외과, 부정맥수술, 말초동맥 수술 및 중재시술, 동정맥루수술 및 중재시술, 심부정맥혈전증 및 폐동맥색전증, 당뇨족"
심장혈관흉부외과,장용진,가톨릭대학교 성빈센트병원 심장혈관흉부외과 장용진.png,임상부교수,"폐암, 흉선종 및 종격동 종양, 기흉, 다한증, 농흉, 흉부외상"
심장혈관흉부외과,현관용,가톨릭대학교 성빈센트병원 심장혈관흉부외과 현관용.png,임상조교수,"흉부종양(폐암,식도암),로봇수술 및 흉강경 수술,홍조 및 다한증,흉부외상,새가슴 및 오목가슴등 흉벽질환,소아흉부질환"
심장혈관흉부외과,김희경,가톨릭대학교 성빈센트병원 심장혈관흉부외과 김희경.png,임상강사,심장 및 혈관질환
안과(안센터),나태윤,가톨릭대학교 성빈센트병원 안과(안센터) 나태윤.png,교수,"성형안과(눈물, 눈꺼풀, 안와질환)"
안과(안센터),조양경,가톨릭대학교 성빈센트병원 안과(안센터) 조양경.png,교수,"백내장, 각막, 외안부질환"
안과(안센터),지동현,가톨릭대학교 성빈센트병원 안과(안센터) 지동현.png,교수,"망막, 황반변성, 당뇨망막증, 포도막염"
안과(안센터),최진아,가톨릭대학교 성빈센트병원 안과(안센터) 최진아.png,교수,"녹내장, 백내장"
안과(안센터),권진우,가톨릭대학교 성빈센트병원 안과(안센터) 권진우.png,부교수,"망막, 황반변성, 당뇨망막증, 포도막염"
안과(안센터),정연웅,가톨릭대학교 성빈센트병원 안과(안센터) 정연웅.png,조교수,"소아안과, 사시, 시신경질환, 복시, 신경안과"
안과(안센터),최유진,가톨릭대학교 성빈센트병원 안과(안센터) 최유진.png,,"망막, 황반변성, 유리체출혈, 당뇨망막병증"
영상의학과,김지영,가톨릭대학교 성빈센트병원 영상의학과 김지영.png,교수,근골격 영상의학
영상의학과,황성수,가톨릭대학교 성빈센트병원 영상의학과 황성수.png,교수,복부 영상의학(간담도계 진단 및 중재시술)
영상의학과,백준현,가톨릭대학교 성빈센트병원 영상의학과 백준현.png,교수,인터벤션 영상의학
영상의학과,인연권,가톨릭대학교 성빈센트병원 영상의학과 인연권.png,교수,"뇌신경계 및 두경부 영상의학, 뇌신경계 중재 시술"
영상의학과,박수연,가톨릭대학교 성빈센트병원 영상의학과 박수연.png,부교수,"비뇨생식기계 영상의학, 복부영상의학"
영상의학과,고정민,가톨릭대학교 성빈센트병원 영상의학과 고정민.png,부교수,흉부영상의학
영상의학과,안영이,가톨릭대학교 성빈센트병원 영상의학과 안영이.png,부교수,유방영상의학
영상의학과,김경아,가톨릭대학교 성빈센트병원 영상의학과 김경아.png,교수,복부영상의학
영상의학과,김현아,가톨릭대학교 성빈센트병원 영상의학과 김현아.png,임상부교수,복부영상의학
영상의학과,최준성,가톨릭대학교 성빈센트병원 영상의학과 최준성.png,임상조교수,인터벤션 영상의학
영상의학과,신재호,가톨릭대학교 성빈센트병원 영상의학과 신재호.png,조교수,"갑상선 결절 에탄올, 고주파 절제술, 뇌신경계, 두경부 신경중재치료, 신경두경부영상의학"
영상의학과,이슬기,가톨릭대학교 성빈센트병원 영상의학과 이슬기.png,조교수,근골격 영상의학
영상의학과,정민경,가톨릭대학교 성빈센트병원 영상의학과 정민경.png,임상진료조교수,흉부영상의학
영상의학과,이상영,가톨릭대학교 성빈센트병원 영상의학과 이상영.png,임상강사,none
영상의학과,김유리,가톨릭대학교 성빈센트병원 영상의학과 김유리.png,임상강사,none
위장관외과,진형민,가톨릭대학교 성빈센트병원 위장관외과 진형민.png,교수,"위암, 위장관질환, 복강경수술, 로봇수술"
위장관외과,전경화,가톨릭대학교 성빈센트병원 위장관외과 전경화.png,교수,"위암, 위식도역류질환, 비만, 복강경 및 로봇수술, 소아탈장"
위장관외과,박기범,가톨릭대학교 성빈센트병원 위장관외과 박기범.png,조교수,"위암, 식도암, 비만대사질환, 탈장"
위장관외과,서지원,가톨릭대학교 성빈센트병원 위장관외과 서지원.png,임상강사,일반외과(위장관)
유방외과,서영진,가톨릭대학교 성빈센트병원 유방외과 서영진.png,교수,"유방암, 갑상선, 침샘(이하선, 악하선), 로봇수술"
유방외과,전예원,가톨릭대학교 성빈센트병원 유방외과 전예원.png,부교수,"유방, 유전성 유방암, 갑상선"
유방외과,임승택,가톨릭대학교 성빈센트병원 유방외과 임승택.png,조교수,"갑상선, 부갑상선, 로봇수술 (경구, 경액와), 임파선, 유방"
유방외과,양지아,가톨릭대학교 성빈센트병원 유방외과 양지아.png,임상강사,"갑상선, 유방, 임파선"
유방외과,박병관,가톨릭대학교 성빈센트병원 유방외과 박병관.png,임상강사,"갑상선, 유방, 임파선"
응급의학과,소병학,가톨릭대학교 성빈센트병원 응급의학과 소병학.png,임상교수,임상독성학
응급의학과,김형민,가톨릭대학교 성빈센트병원 응급의학과 김형민.png,임상교수,"응급의학, 응급중환자 영상, 재난, 중환자 의학"
응급의학과,정원중,가톨릭대학교 성빈센트병원 응급의학과 정원중.png,임상교수,"응급 질환, 응급의료지도"
응급의학과,차경만,가톨릭대학교 성빈센트병원 응급의학과 차경만.png,임상부교수,응급 질환
응급의학과,송환,가톨릭대학교 성빈센트병원 응급의학과 송환.png,조교수,none
응급의학과,김경보,가톨릭대학교 성빈센트병원 응급의학과 김경보.png,진료의사,응급의학
응급의학과,장영아,가톨릭대학교 성빈센트병원 응급의학과 장영아.png,진료의사,응급의학
응급의학과,정형조,가톨릭대학교 성빈센트병원 응급의학과 정형조.png,진료의사,none
응급의학과,박정호,가톨릭대학교 성빈센트병원 응급의학과 박정호.png,진료의사,none
응급의학과,박창용,가톨릭대학교 성빈센트병원 응급의학과 박창용.png,박창용,none
이비인후과,박용진,가톨릭대학교 성빈센트병원 이비인후과 박용진.png,교수,"비부비동염 및 비용, 알레르기, 후각장애"
이비인후과,노혜일,가톨릭대학교 성빈센트병원 이비인후과 노혜일.png,교수,"난청, 중이염, 이명,청각장애,소아보청기"
이비인후과,박찬순,가톨릭대학교 성빈센트병원 이비인후과 박찬순.png,교수,"수면질환(코골이, 수면무호흡증, 편도 및 아데노이드 비대), 비용종 및 비부비동염(축농증), 비부비동종양, 알레르기 비염, 비중격 및 비갑개질환, 두개저질환"
이비인후과,조정해,가톨릭대학교 성빈센트병원 이비인후과 조정해.png,부교수,"로봇수술, 갑상선, 두경부외과, 음성수술, 경부감염증"
이비인후과,곽상현,가톨릭대학교 성빈센트병원 이비인후과 곽상현.png,임상조교수,"난청,중이염,이명,어지럼증,인공와우이식"
이비인후과,허진,가톨릭대학교 성빈센트병원 이비인후과 허진.png,임상진료조교수,"갑상선, 두경부외과, 음성수술, 경부 감염증, 두경부 질환"
재활의학과,김준성,가톨릭대학교 성빈센트병원 재활의학과 김준성.png,교수,"척수손상, 오십견, 요통, 관절염, 족부질환, 림프부종, 소아마비증후군, 테니스엘보우, 장애평가"
재활의학과,홍보영,가톨릭대학교 성빈센트병원 재활의학과 홍보영.png,부교수,"발달지연(소아재활), 뇌성마비, 연하장애(소아), 근전도(소아)"
재활의학과,유연지,가톨릭대학교 성빈센트병원 재활의학과 유연지.png,임상진료조교수,"뇌졸중(중풍), 퇴행성뇌질환(파킨슨병, 치매 등), 연하장애(성인), 노인재활"
재활의학과,윤미정,가톨릭대학교 성빈센트병원 재활의학과 윤미정.png,임상진료조교수,"신경근육질환(근전도), 호흡재활, 근골격계 재활(어깨통증, 관절염), 암재활, 중환자재활"
정신건강의학과,홍승철,가톨릭대학교 성빈센트병원 정신건강의학과 홍승철.png,교수,"수면무호흡, 코골이, 우울증, 불면증, 정신분열증, 외상후 신경증"
정신건강의학과,정종현,가톨릭대학교 성빈센트병원 정신건강의학과 정종현.png,교수,"우울증,조울증,정신분열증,소아청소년정신의학"
정신건강의학과,서호준,가톨릭대학교 성빈센트병원 정신건강의학과 서호준.png,교수,"우울증, 불안장애, 공황장애, 불면증, 정신분열증, 소아청소년 정신의학"
정신건강의학과,김태원,가톨릭대학교 성빈센트병원 정신건강의학과 김태원.png,임상부교수,"수면장애,조현병(정신분열증), 우울증"
정신건강의학과,엄유현,가톨릭대학교 성빈센트병원 정신건강의학과 엄유현.png,조교수,"기억력 및 인지장애, 알츠하이머병 및 기타 치매, 노인수면장애, 정신분열병, 우울증 및 기타 기분장애 동반"
정신건강의학과,김영찬,가톨릭대학교 성빈센트병원 정신건강의학과 김영찬.png,임상강사,"일반 정신의학, 수면장애, 암환자 정신의학"
정신건강의학과,윤성훈,가톨릭대학교 성빈센트병원 정신건강의학과 윤성훈.png,임상강사,일반 정신의학/암스트레스
정형외과,고해석,가톨릭대학교 성빈센트병원 정형외과 고해석.png,임상교수,"슬관절질환 ,관절경수술(무릎), 스포츠외상(무릎)"
정형외과,송주현,가톨릭대학교 성빈센트병원 정형외과 송주현.png,교수,"성인 고관절질환, 외상(고관절), 골다공증"
정형외과,유기원,가톨릭대학교 성빈센트병원 정형외과 유기원.png,교수,"척추질환, 골다공증"
정형외과,정진영,가톨릭대학교 성빈센트병원 정형외과 정진영.png,교수,"견주관절 분야(관절염 및 인공관절, 오십견 및 어깨 통증, 어깨인대 손상 치유, 골절, 조직 재생의학, 컴퓨터 수술 시뮬레이션)"
정형외과,신재혁,가톨릭대학교 성빈센트병원 정형외과 신재혁.png,임상교수,"척추질환,경추디스크"
정형외과,강수환,가톨릭대학교 성빈센트병원 정형외과 강수환.png,부교수,"수부상지질환, 미세수술, 말초신경질환, 외상"
정형외과,김윤정,가톨릭대학교 성빈센트병원 정형외과 김윤정.png,부교수,"족부 및 족관절(발목) 관절경 수술, 만성 발목 불안정성 및 연골 손상, 무지외반증, 족부 및 족관절 골절"
정형외과,주민욱,가톨릭대학교 성빈센트병원 정형외과 주민욱.png,부교수,"골종양, 연부조직종양, 피부암, 전이암, 골다공증, 골대사질환"
정형외과,박도준,가톨릭대학교 성빈센트병원 정형외과 박도준.png,임상조교수,슬관절질환/골다공증/통풍(무릎)/관절경수술(무릎)
정형외과,오승배,가톨릭대학교 성빈센트병원 정형외과 오승배.png,임상진료조교수,성인 고관절질환 및 골다공증
정형외과,최연호,가톨릭대학교 성빈센트병원 정형외과 최연호.png,임상진료조교수,슬관절질환/골다공증
정형외과,조윤주,가톨릭대학교 성빈센트병원 정형외과 조윤주.png,임상진료조교수,소아정형외과
종양내과,심병용,가톨릭대학교 성빈센트병원 종양내과 심병용.png,교수,"폐암, 위암, 유방암, 비뇨기암의 항암요법"
종양내과,안호정,가톨릭대학교 성빈센트병원 종양내과 안호정.png,부교수,"대장암, 두경부암, 식도암, 위암의 항암요법"
종양내과,박형순,가톨릭대학교 성빈센트병원 종양내과 박형순.png,조교수,"유방암, 폐암, 췌장암, 담도암의 항암요법"
종양내과,김현호,가톨릭대학교 성빈센트병원 종양내과 김현호.png,조교수,"비뇨기암,간암,대장암,담도암,췌장암,부인암,육종,피부암(악성흑색종) 및 희귀암의 항암요법"
종양내과,이한용,가톨릭대학교 성빈센트병원 종양내과 이한용.png,입원전담의,none
종양내과,곽태환,가톨릭대학교 성빈센트병원 종양내과 곽태환.png,입원전담의,none
종양내과,양지현,가톨릭대학교 성빈센트병원 종양내과 양지현.png,입원전담의,none
종양내과,고유미,가톨릭대학교 성빈센트병원 종양내과 고유미.png,입원전담의,none
종양내과,김선혜,가톨릭대학교 성빈센트병원 종양내과 김선혜.png,입원전담의,none
진단검사의학과,김수영,가톨릭대학교 성빈센트병원 진단검사의학과 김수영.png,교수,"임상 미생물학, 진단혈액학"
진단검사의학과,김영식,가톨릭대학교 성빈센트병원 진단검사의학과 김영식.png,교수,"임상화학, 진단면역, 혈액은행, 임상약동력학, 검사정보학"
진단검사의학과,조한울,가톨릭대학교 성빈센트병원 진단검사의학과 조한울.png,임상진료조교수,none
진단검사의학과,김애식,가톨릭대학교 성빈센트병원 진단검사의학과 김애식.png,진료의사,none
치과,한성호,가톨릭대학교 성빈센트병원 치과 한성호.png,교수,"치아교정 (소아교정, 심미/보철/수술교정, 설측교정 및 Invisalign)"
치과,권택가,가톨릭대학교 성빈센트병원 치과 권택가.png,임상부교수,"심미보철, 치과임플란트, 전체틀니, 부분틀니, 특수틀니"
치과,한승훈,가톨릭대학교 성빈센트병원 치과 한승훈.png,부교수,"치아 보존치료, 미백치료, 근관치료, 미세치근단 수술"
치과,김지연,가톨릭대학교 성빈센트병원 치과 김지연.png,교수,"구강, 턱, 얼굴 수술(매복사랑니 발치술, 턱관절증 치료, 임플란트 수술, 턱교정수술)"
치과,채연수,가톨릭대학교 성빈센트병원 치과 채연수.png,임상강사,"난발치(매복 사랑니 등), 낭종, 턱관절, 임플란트, 악교정수술"
치과,권선영,가톨릭대학교 성빈센트병원 치과 권선영.png,전문의,"진료(치아보존치료,보철치료)"
피부과,김경문,가톨릭대학교 성빈센트병원 피부과 김경문.png,교수,"피부암 및 피부외과, 액취증, 레이저치료, 조갑질환, 여드름, 건선,아토피피부염, 알레르기 피부염"
피부과,이지혜,가톨릭대학교 성빈센트병원 피부과 이지혜.png,조교수,탈모/건선/아토피피부염/소아청소년 피부과학/미용레이저 및 흉터관리
피부과,주현정,가톨릭대학교 성빈센트병원 피부과 주현정.png,임상진료조교수,"백반증, 피부암진단, 레이저치료, 아토피피부염, 흉터관리"
핵의학과,최우희,가톨릭대학교 성빈센트병원 핵의학과 최우희.png,부교수,"방사성 동위원소치료, 갑상선 질환치료,중재방사선학"
핵의학과,윤혁진,가톨릭대학교 성빈센트병원 핵의학과 윤혁진.png,임상진료조교수,"방사성동위원소치료, 갑상선질환치료, 중재방사선학"
혈관·이식외과,원용성,가톨릭대학교 성빈센트병원 혈관·이식외과 원용성.png,임상교수,"신장이식, 혈관수술, 로봇수술, 복강경, 간담췌외과"
혈관·이식외과,윤승훈,가톨릭대학교 성빈센트병원 혈관·이식외과 윤승훈.png,임상진료조교수,신장이식.혈관수술
혈액내과,김정아,가톨릭대학교 성빈센트병원 혈액내과 김정아.png,교수,"림프종, 혈액종양, 조혈모세포이식 클리닉"
혈액내과,김진항,가톨릭대학교 성빈센트병원 혈액내과 김진항.png,진료의사,혈액종양
호스피스완화의학과,김세홍,가톨릭대학교 성빈센트병원 호스피스완화의학과 김세홍.png,교수,"호스피스완화의학, 노인병, 통증, 암예방, 특이증상"
호스피스완화의학과,김태홍,가톨릭대학교 성빈센트병원 호스피스완화의학과 김태홍.png,임상조교수,호스피스
호스피스완화의학과,김보경,가톨릭대학교 성빈센트병원 호스피스완화의학과 김보경.png,임상강사,"호스피스완화의학, 노인병, 통증"
호스피스완화의학과,정유지,가톨릭대학교 성빈센트병원 호스피스완화의학과 정유지.png,임상강사,"호스피스완화의학, 노인병, 통증"
호흡기내과,김치홍,가톨릭대학교 성빈센트병원 호흡기내과 김치홍.png,교수,"폐암의 진단 및 폐결절의 관리, 만성기도질환(천식, COPD), 감염성 폐질환, 폐결핵, 만성기침"
호흡기내과,송소향,가톨릭대학교 성빈센트병원 호흡기내과 송소향.png,임상교수,"폐암의 진단 및 폐결절의 관리, 만성기도질환(천식, COPD), 감염성 폐질환, 폐결핵, 만성기침"
호흡기내과,김성경,가톨릭대학교 성빈센트병원 호흡기내과 김성경.png,조교수,"폐암의 진단 및 폐결절의 관리, 만성기도질환(천식, COPD), 감염성 폐질환, 폐결핵, 만성기침, 간질성 폐질환"
호흡기내과,김신영,가톨릭대학교 성빈센트병원 호흡기내과 김신영.png,임상조교수,"만성기도질환(천식, COPD), 감염성 폐질환, 폐결핵, 만성기침, 중환자의학"
호흡기내과,김승훈,가톨릭대학교 성빈센트병원 호흡기내과 김승훈.png,임상진료조교수,"폐암의 진단 및 폐결절의 관리, 만성기도질환(천식, COPD), 감염성 폐질환, 폐결핵, 만성기침, 간질성 폐질환"
